,Group_name_(wiki),Group_name_(spoti),Spotify_id,Group_popularity,Group_followers,count_albums,mean_tracks_per_album,total_tracks,earliest_release_date,latest_release_date,longevity,mean_song_length,min_song_popularity,max_song_popularity,mean_song_danceability,mean_song_acousticness,mean_song_energy,mean_song_instrumentalness,mean_song_liveness,mean_song_loudness,mean_song_speechiness,mean_song_tempo,song_popularity_range,genre,band_number,attr,origin,origin_clean
0,X Japan,X JAPAN,spotify:artist:4VrqQQy6X0hlMtqY5gp6Wx,51.0,442790.0,20.0,9.35,187.0,1988-04-14,2017-03-03,29.0,429155.2,36.0,46.0,0.359,0.039601,0.7816,0.001146616,0.2401,-5.6874,0.1008,134.04019999999997,10.0,_glam_metal_bands_and_artists,1,current,"Tateyama, Chiba, Japan", Japan
1,Orgy,Orgy,spotify:artist:4uYwLU7k03RCQSRXGtQGg0,51.0,245033.0,20.0,9.35,187.0,1998,2021-12-03,23.0,236774.8,33.0,63.0,0.5382,0.0013342999999999,0.8460000000000001,0.032636024,0.13022,-5.7624,0.04786,125.5832,30.0,_glam_metal_bands_and_artists,2,current,"Los Angeles, California, U.S.", U.S.
2,Tokyo Blade,Tokyo Blade,spotify:artist:6F9tjDKhGtXlm9M4s30KD5,30.0,28705.0,20.0,15.25,305.0,2008-01-01,2021-11-26,13.0,302229.0,22.0,37.0,0.2956,9.7762e-05,0.8248000000000001,0.42103784,0.2342,-8.747800000000002,0.06626,130.62259999999998,15.0,_glam_metal_bands_and_artists,3,current,"Salisbury, Wiltshire, England", England
3,Accept,Accept,spotify:artist:3JDIAtVrJdQ7GFOX26LYpv,60.0,686030.0,20.0,14.6,292.0,1986-10-31,2021-01-29,35.0,308087.8,54.0,61.0,0.5256000000000001,0.00156332,0.8555999999999999,0.0225065999999999,0.20026,-5.5754,0.05504,126.66100000000002,7.0,_glam_metal_bands_and_artists,4,current,"Solingen, West Germany", West Germany
4,Scorpions,Scorpions,spotify:artist:27T030eWyCQRmDyuvr1kxY,74.0,5075330.0,20.0,14.85,297.0,2004,2016-03-11,12.0,295821.0,65.0,79.0,0.3748,0.155886,0.5588,0.00044602,0.1684,-9.995,0.03602,116.0358,14.0,_glam_metal_bands_and_artists,5,current,"Hanover, West Germany", West Germany
5,Uriah Heep,Uriah Heep,spotify:artist:45O9BwPMyywM755SYUK0sP,55.0,596373.0,20.0,14.35,287.0,2012-03-23,2018-09-14,6.0,233959.8,37.0,58.0,0.402,0.0466011999999999,0.6539999999999999,0.15769064,0.20736,-9.5728,0.0517399999999999,117.87460000000002,21.0,_glam_metal_bands_and_artists,6,current,"London, England", England
6,Black Veil Brides,Black Veil Brides,spotify:artist:6O7MpKrY91vlCd4Osi6XKs,65.0,1612425.0,20.0,11.25,225.0,2010-07-20,2021-10-29,11.0,216671.4,53.0,63.0,0.4554,0.0011866,0.9556,0.00181338,0.23074,-3.4776,0.1263,142.43359999999998,10.0,_glam_metal_bands_and_artists,7,current,"Cincinnati, Ohio, U.S.", U.S.
7,Blessed by a Broken Heart,Blessed By A Broken Heart,spotify:artist:3IN6GYf5xcFCPn6hfGVcZT,24.0,10021.0,5.0,5.2,26.0,2008-07-13,2020-09-19,12.0,249863.6,18.0,33.0,0.3938,0.0037170799999999,0.952,5.6072e-05,0.3204,-3.6108,0.10118,171.2098,15.0,_glam_metal_bands_and_artists,8,past,"Montreal, Canada", Canada
8,L.A. Guns,L.A. Guns,spotify:artist:22TEmHXBBLjTec2LOAuMdS,48.0,318452.0,20.0,13.8,276.0,2011-09-23,2021-11-12,10.0,237839.2,25.0,53.0,0.4822,0.01089722,0.7470000000000001,0.058615968,0.15922,-9.9478,0.03988,112.2964,28.0,_glam_metal_bands_and_artists,9,current,"Los Angeles, California, U.S.", U.S.
9,Heart,Heart,spotify:artist:34jw2BbxjoYalTp8cJFCPv,68.0,1790881.0,20.0,14.05,281.0,2003-06-11,2021-11-01,18.0,267826.4,56.0,74.0,0.5114000000000001,0.2756,0.5837999999999999,0.02127628,0.12454,-11.2954,0.0328,124.79140000000002,18.0,_glam_metal_bands_and_artists,10,current,"Seattle, Washington, US", US
10,Whitesnake,Whitesnake,spotify:artist:3UbyYnvNIT5DFXU4WgiGpP,67.0,2190623.0,20.0,33.85,677.0,1989-11-18,2021-10-29,32.0,299718.4,53.0,65.0,0.3163999999999999,0.11711,0.7914,0.00066358,0.2466,-7.891800000000001,0.04494,127.48639999999996,12.0,_glam_metal_bands_and_artists,11,current,"London, England", England
11,Krokus,Krokus,spotify:artist:4YveAIZNQZBiWbt7iWsvCa,47.0,223383.0,20.0,12.2,244.0,1984-02-20,2021-02-19,37.0,270699.8,39.0,52.0,0.5242,0.0077176,0.7562,0.241066,0.163,-8.315999999999999,0.04004,123.93560000000002,13.0,_glam_metal_bands_and_artists,12,current,"Solothurn, Switzerland", Switzerland
12,London,London Symphony Orchestra,spotify:artist:5yxyJsFanEAuwSM5kOuZKc,75.0,234050.0,20.0,15.65,313.0,2021-06-11,2021-11-19,0.0,313712.6,58.0,62.0,0.3352,0.7362,0.2564999999999999,0.9112,0.13622,-17.281200000000002,0.03568,101.72,4.0,_glam_metal_bands_and_artists,13,current,"Los Angeles, California, U.S.", U.S.
13,Celtic Frost,Celtic Frost,spotify:artist:4ZISAmHmQUDCpv8xydqeKG,43.0,166755.0,20.0,15.05,301.0,1984-06-24,2017-06-30,33.0,262818.4,35.0,47.0,0.1934,0.002525586,0.8092,0.765,0.2217,-7.583799999999999,0.0627,134.39360000000002,12.0,_glam_metal_bands_and_artists,14,past,"Zürich, Switzerland", Switzerland
14,Quiet Riot,Quiet Riot,spotify:artist:1dLWg6m8RRhizsdqJbhyj3,61.0,1304186.0,20.0,9.8,196.0,1983,2019-11-22,36.0,256178.4,44.0,71.0,0.4658,0.0164298,0.8700000000000001,0.0040048,0.1605,-8.421,0.07306,133.8266,27.0,_glam_metal_bands_and_artists,15,current,"Los Angeles, California, U.S.", U.S.
15,Thor,Thor,spotify:artist:4DLElWKADc3A99XmSXwCMj,25.0,6172.0,20.0,15.4,308.0,2001-07-01,2021-07-16,20.0,214530.4,20.0,28.0,0.325,0.001492104,0.868,0.5208,0.21314,-6.605600000000001,0.0654,128.56220000000002,8.0,_glam_metal_bands_and_artists,16,current,"Vancouver, British Columbia, Canada", Canada
16,Queensrÿche,Queensrÿche,spotify:artist:2OgUPVlWYgGBGMefZgGvCO,58.0,492587.0,20.0,15.4,308.0,2001-09-25,2020-10-15,19.0,334138.4,48.0,65.0,0.4631999999999999,0.034732,0.884,6.4386e-05,0.33132,-3.8916,0.0768399999999999,110.5516,17.0,_glam_metal_bands_and_artists,17,current,"Bellevue, Washington, U.S.", U.S.
17,Warrant,Warrant,spotify:artist:7HLvzuM9p11k9lUQfSM4Rq,58.0,928052.0,20.0,9.75,195.0,1989,2017-05-24,28.0,241167.6,49.0,64.0,0.4974,0.069492,0.7086,5.2176e-05,0.2260999999999999,-8.820400000000001,0.0660999999999999,142.0268,15.0,_glam_metal_bands_and_artists,18,current,"Hollywood, Los Angeles, California, U.S.", U.S.
18,Ugly Kid Joe,Ugly Kid Joe,spotify:artist:3XsgWn63EnA4wYZBjVyxjf,56.0,162604.0,20.0,28.75,575.0,1991-01-01,2021-11-26,30.0,266543.8,36.0,68.0,0.4646,0.1691879999999999,0.6910000000000001,0.000649,0.13038,-8.951799999999999,0.06118,107.4542,32.0,_glam_metal_bands_and_artists,19,current,"Isla Vista, California, United States", U.S.
19,Bloodgood,Bloodgood,spotify:artist:5WJ6VEY43MOngJJJNabAId,28.0,16665.0,19.0,11.894736842105264,226.0,1985-09-15,2019-12-13,34.0,253673.8,23.0,26.0,0.5206000000000001,0.0044174,0.8478,0.000797478,0.2184,-4.9972,0.04532,109.7532,3.0,_glam_metal_bands_and_artists,20,current,"Seattle, Washington, U.S.", U.S.
20,Kix,Kix,spotify:artist:45KpBChrKYWhTlU6N57ofu,45.0,202087.0,20.0,16.4,328.0,1981,2021-11-05,40.0,250039.6,37.0,53.0,0.5871999999999999,0.049356,0.6914,0.024231994,0.3418,-10.9102,0.04434,123.5442,16.0,_glam_metal_bands_and_artists,21,current,"Hagerstown, Maryland, US", US
21,The Cult,The Cult,spotify:artist:49DW3KvkyjHO35mK1JnSyS,62.0,494246.0,20.0,13.4,268.0,1991-09-23,2016-02-05,25.0,268479.6,52.0,71.0,0.4804,0.015936152,0.8257999999999999,0.3396674,0.20874,-7.856999999999999,0.05142,126.7738,19.0,_glam_metal_bands_and_artists,22,current,"Bradford, West Yorkshire, England", England
22,Bride,Bride,spotify:artist:3G7qoMSLvu9Pmb0xGtf9fl,30.0,23217.0,20.0,12.45,249.0,1987-01-01,2020-12-15,33.0,248532.2,23.0,29.0,0.5558,0.126474,0.7178,0.00137059,0.20138,-10.1978,0.05778,125.5888,6.0,_glam_metal_bands_and_artists,23,current,"Louisville, Kentucky, U.S.", U.S.
23,Shout,SHOUT,spotify:artist:6iWx9CjWORacnUfxRGM5Iv,14.0,408.0,6.0,2.5,15.0,2018-03-13,2018-11-30,0.0,230703.6,5.0,23.0,0.484,0.000283972,0.8470000000000001,0.00054926,0.14742,-5.6908,0.0465799999999999,135.17000000000002,18.0,_glam_metal_bands_and_artists,24,past,"Costa Mesa, California", California
24,Judas Priest,Judas Priest,spotify:artist:2tRsMl4eGxwoNabM08Dm4I,68.0,2908711.0,20.0,17.05,341.0,1988-05-03,2021-10-15,33.0,252463.8,59.0,70.0,0.4726,0.0088462,0.9106,0.016995286,0.14752,-5.872999999999999,0.08082,127.4232,11.0,_glam_metal_bands_and_artists,25,current,"Birmingham, England[1]", England[1]
25,Montrose,Montrose,spotify:artist:0VdoLGGpWcDZnzep6SSTdP,41.0,154891.0,20.0,22.65,453.0,1973,2021-11-19,48.0,270525.0,32.0,50.0,0.3452,0.067858,0.8026,0.0011722199999999,0.31774,-9.9796,0.05754,128.869,18.0,_glam_metal_bands_and_artists,26,past,"California, U.S.", U.S.
26,Holy Soldier,Holy Soldier,spotify:artist:0KoQJScvMD3v4ArOGiX0MJ,25.0,15394.0,7.0,10.714285714285714,75.0,1990,2002,12.0,291959.6,21.0,27.0,0.5206,0.01012,0.7612,0.071762,0.13518,-8.629000000000001,0.04378,124.2444,6.0,_glam_metal_bands_and_artists,27,past,"Los Angeles, California", California
27,Guns N' Roses,Guns N' Roses,spotify:artist:3qm84nBOXUEQ2vnTfUTTFC,80.0,22628891.0,20.0,15.0,300.0,1987-07-21,2021-10-01,34.0,381442.4,72.0,80.0,0.3914,0.03324,0.8598000000000001,0.1200459999999999,0.156,-6.454599999999999,0.0629599999999999,112.2662,8.0,_glam_metal_bands_and_artists,28,current,"Los Angeles, California, U.S.", U.S.
28,Hardline,Hardline,spotify:artist:3caJ5Uy9aHZv7wVSNqwwjc,42.0,51419.0,20.0,6.55,131.0,1992-05-08,2021-07-09,29.0,259329.0,34.0,47.0,0.4422,0.02117786,0.8480000000000001,0.06404328,0.2938,-8.1318,0.054,140.1296,13.0,_glam_metal_bands_and_artists,29,current,"Los Angeles, United States", U.S.
29,Bitch,Bitch,spotify:artist:4H491qyJyIbXqwzJAtpJRl,10.0,4038.0,8.0,14.25,114.0,1987,2016-12-09,29.0,270778.4,5.0,12.0,0.4338,0.00488408,0.844,0.18844,0.20576,-8.61,0.06466,129.493,7.0,_glam_metal_bands_and_artists,30,current,"Los Angeles, California", California
30,Halloween,Halloween,spotify:artist:5Ure3b6cjh5Gk29qg82eym,36.0,16438.0,20.0,29.5,590.0,2021-09-02,2021-11-04,0.0,141203.8,28.0,40.0,0.5216,0.67862,0.38502,0.1835094,0.09922,-10.167800000000002,0.09916,121.259,12.0,_glam_metal_bands_and_artists,31,current,"Detroit, Michigan, U.S.", U.S.
31,Leviticus,Leviticus,spotify:artist:78jhiSCR4W1RQvj1rT0pwt,26.0,2275.0,20.0,34.95,699.0,2012-06-19,2020-12-11,8.0,239980.6,1.0,39.0,0.5711999999999999,0.08492212,0.6494,0.11196004,0.15274,-11.029999999999998,0.1058599999999999,139.658,38.0,_glam_metal_bands_and_artists,32,current,"Skövde, Sweden", Sweden
32,Sacred Warrior,Sacred Warrior,spotify:artist:6apzRfN17NSmeuCpQcTUkS,18.0,7249.0,11.0,7.636363636363637,84.0,1987,2020-08-30,33.0,270538.4,10.0,20.0,0.2688,0.0084794,0.7624000000000001,1.888e-05,0.2323,-10.022,0.0483599999999999,113.266,10.0,_glam_metal_bands_and_artists,33,current,"Chicago, Illinois", Illinois
33,Hanoi Rocks,Hanoi Rocks,spotify:artist:5CW2x4YosugZJZZCWA0kBI,41.0,52266.0,20.0,19.6,392.0,1984,2016-11-25,32.0,257650.4,25.0,41.0,0.4272,0.0173146,0.7624000000000001,0.1253603,0.26808,-9.607,0.0509599999999999,123.53660000000002,16.0,_glam_metal_bands_and_artists,34,past,"Helsinki, Finland", Finland
34,The Quireboys,The Quireboys,spotify:artist:0d49iRrp4iVZggKbcpxnqI,38.0,40288.0,20.0,18.0,360.0,2002-06-12,2021-07-23,19.0,232826.2,9.0,30.0,0.5332000000000001,0.05286,0.7168,6.415999999999999e-06,0.2246,-10.153200000000002,0.03086,119.1906,21.0,_glam_metal_bands_and_artists,35,current,"London, England", England
35,Stryper,Stryper,spotify:artist:6lE1ly8K8H7u8k2ej2plvv,46.0,111096.0,20.0,12.5,250.0,1986-01-01,2020-09-04,34.0,235477.0,37.0,44.0,0.492,0.09235,0.6428,0.0409690199999999,0.08404,-10.4058,0.0322799999999999,104.0094,7.0,_glam_metal_bands_and_artists,36,current,"Orange County, California, U.S.", U.S.
36,Discharge,Discharge,spotify:artist:5SRhOM75OnwuXH8BmCxD5a,40.0,75867.0,20.0,20.55,411.0,1982-05-21,2020-02-21,38.0,128440.8,32.0,39.0,0.246,0.063604372,0.9512,0.309386,0.1785,-8.004,0.22018,172.47060000000002,7.0,_glam_metal_bands_and_artists,37,current,"Stoke-on-Trent, Staffordshire, England", England
37,Tuff,TUFF,spotify:artist:0Bx9xRN9YnTWyJIZz4xXhn,30.0,5.0,1.0,1.0,1.0,2021-10-15,2021-10-15,0.0,0.0,0.0,0.0,0.0,0.0,0.0,0.0,0.0,0.0,0.0,0.0,0.0,_glam_metal_bands_and_artists,38,current,"Phoenix, Arizona, United States", U.S.
38,Rough Cutt,Rough Cutt,spotify:artist:0PtXc1FFcAOKZjp5TXuH9c,31.0,13412.0,20.0,28.8,576.0,1985,2021-11-11,36.0,295642.6,25.0,41.0,0.3485999999999999,0.0008154,0.7456,5.442e-06,0.2072,-7.8372,0.06394,114.4642,16.0,_glam_metal_bands_and_artists,39,current,"Los Angeles, California, U.S.", U.S.
39,Ratt,Ratt,spotify:artist:3tufWJzpCiAGleBt5TkmTn,58.0,809939.0,20.0,20.65,413.0,1984,2021-10-29,37.0,242813.0,49.0,65.0,0.5678,0.0040444,0.8362,0.01954579,0.09466,-9.8026,0.04274,137.0742,16.0,_glam_metal_bands_and_artists,40,current,"San Diego,  California, U.S.A.", U.S.A.
40,Night Ranger,Night Ranger,spotify:artist:1Ha0Fz4i0d4gu5fZbhBCtH,54.0,514122.0,20.0,12.4,248.0,1987-01-01,2021-08-06,34.0,267359.6,46.0,65.0,0.4342,0.0623743999999999,0.6274,0.000777254,0.15684,-13.3234,0.04054,148.19140000000002,19.0,_glam_metal_bands_and_artists,41,current,"San Francisco, California, US", US
41,Twisted Sister,Twisted Sister,spotify:artist:7b85ve82Sh36a3UAx74wut,64.0,1884949.0,20.0,15.6,312.0,1982,2021-03-14,39.0,222189.0,52.0,74.0,0.4846,0.0122379999999999,0.8131999999999999,0.0025657659999999,0.2278,-7.557399999999999,0.06666,115.752,22.0,_glam_metal_bands_and_artists,42,current,"Ho-Ho-Kus, New Jersey, U.S.", U.S.
42,Guardian,Guardian,spotify:artist:2iXzwNiVUlkwAaI0t4qHaq,40.0,48297.0,20.0,12.05,241.0,1990,2014-07-15,24.0,285773.0,33.0,40.0,0.6056,0.10734,0.5136000000000001,0.0,0.09,-9.0432,0.03198,129.9102,7.0,_glam_metal_bands_and_artists,43,current,"Los Angeles, California", California
43,White Lion,White Lion,spotify:artist:3nLYJvqbEzs5kg2TlprxIG,55.0,648743.0,20.0,19.8,396.0,1985-11-09,2021-12-03,36.0,290269.2,47.0,62.0,0.43,0.178776,0.5366,0.004500874,0.1519,-11.1588,0.03566,143.89620000000002,15.0,_glam_metal_bands_and_artists,44,past,"Copenhagen, Danmark. New York City, United States", U.S.
44,Every Mother's Nightmare,Every Mothers Nightmare,spotify:artist:0e5ml7Zdz5m0VXPGqzwkvD,21.0,12750.0,6.0,10.5,63.0,1990-09-02,2020-10-23,30.0,283757.0,11.0,32.0,0.3764,0.0086666,0.8042,0.000958112,0.0887999999999999,-9.1322,0.06948,99.5332,21.0,_glam_metal_bands_and_artists,45,current,"Memphis, Tennessee, United States", U.S.
45,Jetboy,Jetboy,spotify:artist:5mBf7eusalyTh54NbiaWlR,19.0,14603.0,20.0,10.1,202.0,1988-02-14,2020-05-09,32.0,270063.6,12.0,27.0,0.4698,0.002068,0.7343999999999999,0.169549664,0.15052,-8.404399999999999,0.03918,122.2594,15.0,_glam_metal_bands_and_artists,46,current,"San Francisco, California", California
46,Steelheart,STEELHEART,spotify:artist:0ecbvwhuhiEAWOLHlRXpqD,48.0,244700.0,20.0,7.2,144.0,1991,2021-06-18,30.0,366317.0,36.0,51.0,0.348,0.110656,0.5098,0.05976394,0.26242,-10.2414,0.03746,132.58739999999997,15.0,_glam_metal_bands_and_artists,47,current,"Norwalk, Connecticut, U.S.", U.S.
47,Takara,Takara,spotify:artist:0s4pACwkFS6Zo2zKs0YpYx,22.0,1427.0,20.0,1.0,20.0,2019-03-14,2021-07-30,2.0,225032.2,10.0,35.0,0.6446000000000001,0.3592,0.3838,0.0029837999999999,0.19462,-12.4014,0.0578199999999999,105.2824,25.0,_glam_metal_bands_and_artists,48,past,United States,United States
48,Roxx Gang,Roxx Gang,spotify:artist:4yTyNz3SEGB6XlWrBxaovi,18.0,17302.0,16.0,12.625,202.0,1997,2014-07-01,17.0,294938.2,13.0,20.0,0.5052000000000001,0.0253359999999999,0.6874,0.0132572,0.10446,-11.2996,0.03636,102.5362,7.0,_glam_metal_bands_and_artists,49,past,"St. Petersburg, Florida, United States", U.S.
49,Tigertailz,Tigertailz,spotify:artist:1xo5zONg7VWkVmR0I0YO4d,20.0,16396.0,17.0,10.0,170.0,2006,2017-09-16,11.0,218975.8,13.0,24.0,0.4178,0.006948,0.8708,0.18360622,0.21856,-11.3986,0.05712,152.71679999999998,11.0,_glam_metal_bands_and_artists,50,current,"Cardiff, Wales", Wales
50,Tesla,Tesla,spotify:artist:0dgnITyIAN4NrmUVisvxHU,56.0,702655.0,20.0,13.6,272.0,1986-01-01,2020-03-27,34.0,313749.0,48.0,59.0,0.4232,0.13424,0.6247999999999999,0.0077868419999999,0.27764,-9.5402,0.03656,116.2288,11.0,_glam_metal_bands_and_artists,51,current,"Sacramento, California, U.S.", U.S.
51,Def Leppard,Def Leppard,spotify:artist:6H1RjVyNruCmrBEWRbD0VZ,70.0,3495669.0,20.0,22.0,440.0,2011-06-20,2021-06-11,10.0,292938.4,63.0,74.0,0.5648,0.0218546,0.8408,0.136446,0.16416,-6.3514,0.05012,110.2722,11.0,_glam_metal_bands_and_artists,52,current,"Sheffield, South Yorkshire, England", England
52,Kingdom Come,Kingdom Come,spotify:artist:2YFKPea38AMhGqGSqkFF1Q,43.0,91320.0,20.0,12.95,259.0,1971-03-08,2019-05-24,48.0,301219.0,36.0,49.0,0.3804,0.0954339999999999,0.6923999999999999,0.0197214,0.16824,-11.4944,0.04006,128.8302,13.0,_glam_metal_bands_and_artists,53,current,"Hamburg, West Germany", West Germany
53,Enuff Z'Nuff,Enuff Z'Nuff,spotify:artist:2Y36dqR145FjTKUjibEcjO,33.0,67357.0,20.0,16.2,324.0,1994-07-01,2021-12-01,27.0,247693.0,23.0,39.0,0.3198,0.042674,0.8004,2.12e-07,0.18058,-7.4354,0.0430199999999999,140.8786,16.0,_glam_metal_bands_and_artists,54,current,"Blue Island, Illinois, U.S.", U.S.
54,Icon,ICON,spotify:artist:4oawINl9WYHGjlW5a0oK4c,26.0,6143.0,20.0,23.0,460.0,1984-07-07,2021-11-26,37.0,237791.6,22.0,29.0,0.427,0.0109218,0.9416,0.0064636039999999,0.09054,-4.8316,0.0768,125.7306,7.0,_glam_metal_bands_and_artists,55,current,"Phoenix, Arizona, United States", U.S.
55,Dokken,Dokken,spotify:artist:09hNSPPOxDop4FRdr6UEnq,54.0,501029.0,20.0,12.6,252.0,1997-04-15,2020-08-28,23.0,270954.4,48.0,59.0,0.5204000000000001,0.01401782,0.8154,0.000291922,0.15434,-6.903999999999999,0.04364,127.33780000000002,11.0,_glam_metal_bands_and_artists,56,current,"Los Angeles, California, U.S.", U.S.
56,Pantera,Pantera,spotify:artist:14pVkFUHDL207LzLHtSA18,69.0,3519583.0,20.0,12.6,252.0,1990-07-20,2020-10-30,30.0,310335.8,63.0,73.0,0.382,0.0011084,0.8208,0.122286,0.10572,-8.296400000000002,0.07028,133.65320000000003,10.0,_glam_metal_bands_and_artists,57,past,"Arlington, Texas, U.S.", U.S.
57,House of Lords,House Of Lords,spotify:artist:0iu8uY2sqeWpiwxcdwOonn,30.0,37610.0,20.0,8.75,175.0,2004-08-03,2020-06-24,16.0,263384.6,19.0,38.0,0.4462,0.07585684,0.8178000000000001,0.0041421,0.12976,-7.271000000000001,0.06964,140.5184,19.0,_glam_metal_bands_and_artists,58,current,"Los Angeles, California, U.S.", U.S.
58,Honeymoon Suite,Honeymoon Suite,spotify:artist:7kFyhQTV7cbd3iSYW2yt1Q,42.0,88329.0,20.0,12.2,244.0,1984-06-14,2021-11-19,37.0,250325.0,40.0,50.0,0.5588,0.068328,0.6374000000000001,3.822e-06,0.13084,-12.3548,0.0374199999999999,121.12040000000002,10.0,_glam_metal_bands_and_artists,59,current,"Niagara Falls, Ontario, Canada", Canada
59,Cinderella,Cinderella,spotify:artist:7HL4id2U7FSDJtfKQHMgQx,59.0,1225950.0,20.0,20.6,412.0,1986,2021-10-01,35.0,279061.0,54.0,63.0,0.4574,0.068242,0.6974,0.0012242,0.16128,-10.9492,0.0313,116.2004,9.0,_glam_metal_bands_and_artists,60,past,"Philadelphia, Pennsylvania, U.S.", U.S.
60,Love/Hate,Love/Hate,spotify:artist:2KhbcJUHaPopOLQRzC0B5E,28.0,24014.0,20.0,28.85,577.0,1990,2021-11-23,31.0,229701.0,19.0,37.0,0.427,0.00081786,0.9324,0.0153866219999999,0.25126,-6.119200000000001,0.06784,112.2642,18.0,_glam_metal_bands_and_artists,61,current,"Los Angeles, California, United States", U.S.
61,Wrathchild,Wrathchild,spotify:artist:6x6yZxAa1JfPSIrUzGNuIY,11.0,5915.0,17.0,9.117647058823527,155.0,1984,2017-12-15,33.0,222351.6,6.0,15.0,0.4324,0.0257851999999999,0.7192000000000001,0.0504971799999999,0.2771,-12.9608,0.0440799999999999,129.10700000000003,9.0,_glam_metal_bands_and_artists,62,past,"Evesham, Worcestershire, England", England
62,Santa Cruz,Santa Cruz,spotify:artist:1ZP10xzJoQljzTHiaU2Gri,38.0,30740.0,20.0,5.0,100.0,2013-01-01,2021-04-09,8.0,233625.8,31.0,39.0,0.488,0.0027232,0.9482000000000002,0.0306021,0.17736,-3.205,0.095,125.92839999999998,8.0,_glam_metal_bands_and_artists,63,current,"Helsinki, Finland", Finland
63,Winger,Winger,spotify:artist:2qQeKHrQJHLLbvDAOSO874,50.0,364253.0,20.0,16.75,335.0,1988,2021-11-05,33.0,262853.0,43.0,58.0,0.5578,0.0230389999999999,0.6080000000000001,0.000130718,0.21494,-11.2262,0.0295799999999999,126.16899999999998,15.0,_glam_metal_bands_and_artists,64,current,"New York City, New York, U.S.", U.S.
64,Faster Pussycat,Faster Pussycat,spotify:artist:1FwGBBwUviGVIeDIByO7u7,42.0,188697.0,20.0,9.5,190.0,1987-07-01,2021-05-21,34.0,270669.0,34.0,53.0,0.4928,0.067764,0.8406,0.001374872,0.21562,-10.1796,0.0451,142.1146,19.0,_glam_metal_bands_and_artists,65,current,"Los Angeles, California, United States", U.S.
65,Candy Harlots,0,0,0.0,0.0,0.0,0.0,0.0,0,0,0.0,0.0,0.0,0.0,0.0,0.0,0.0,0.0,0.0,0.0,0.0,0.0,0.0,_glam_metal_bands_and_artists,66,past,"Sydney, New South Wales, Australia", Australia
66,Easy Action,Easy Action,spotify:artist:3NVBzrHgfRk9t5nlgSzKhd,2.0,843.0,3.0,7.333333333333333,22.0,2001,2009-05-12,8.0,196570.2,2.0,4.0,0.2648,1.692e-05,0.9364,0.8314,0.27,-5.3986,0.1293,126.06879999999998,2.0,_glam_metal_bands_and_artists,67,current,"Stockholm, Sweden", Sweden
67,Circus of Power,Circus Of Power,spotify:artist:2GB4YRUimBVvtU7Cm5W2vM,21.0,8149.0,12.0,8.916666666666666,107.0,1988,2021-10-27,33.0,215171.4,13.0,24.0,0.5606,0.0046184,0.8535999999999999,3.5108e-05,0.08832,-8.2646,0.0512,117.286,11.0,_glam_metal_bands_and_artists,68,current,"New York City, United States", U.S.
68,TNT,TNT,spotify:artist:1CqOLQmjzVWXQTiIN5Wucs,53.0,25509.0,20.0,2.05,41.0,2011-01-01,2021-11-19,10.0,189489.8,49.0,55.0,0.4502,0.0168172,0.9816,0.4797399999999999,0.29524,-3.2378,0.14108,155.03900000000002,6.0,_glam_metal_bands_and_artists,69,current,"Trondheim, Norway", Norway
69,Britny Fox,Britny Fox,spotify:artist:4FffNBBwp4PayIiCBeJFPQ,34.0,102772.0,20.0,20.65,413.0,1988,2021-09-17,33.0,267826.4,27.0,39.0,0.4877999999999999,0.0032090799999999,0.8469999999999999,0.0010194299999999,0.1504,-8.1872,0.04926,135.80120000000002,12.0,_glam_metal_bands_and_artists,70,current,"Philadelphia, Pennsylvania, U.S.", U.S.
70,Mötley Crüe,Mötley Crüe,spotify:artist:0cc6vw3VN8YlIcvr1v7tBL,72.0,3599429.0,20.0,14.45,289.0,1987,2021-11-10,34.0,255957.0,67.0,77.0,0.4775999999999999,0.0302836,0.922,0.002418856,0.2287999999999999,-4.6514,0.11362,120.1682,10.0,_glam_metal_bands_and_artists,71,current,"Los Angeles, California, U.S.", U.S.
71,Skid Row,Skid Row,spotify:artist:4opTS86dN9uO313J9CE8xg,63.0,2107137.0,20.0,19.5,390.0,1989-01-24,2021-12-03,32.0,265285.0,56.0,69.0,0.409,0.004958,0.6896000000000001,3.0066e-05,0.17504,-10.1728,0.0362199999999999,106.3674,13.0,_glam_metal_bands_and_artists,72,current,"Toms River, New Jersey, U.S.", U.S.
72,Black 'n Blue,Black 'N Blue,spotify:artist:6PVybt9IzBGmVr8Md7EP08,30.0,62874.0,20.0,45.85,917.0,1984,2013-05-01,29.0,240314.2,21.0,35.0,0.4382,0.0383318,0.8996000000000001,9.4e-07,0.13754,-3.7784,0.08288,129.595,14.0,_glam_metal_bands_and_artists,73,current,"Portland, Oregon, United States", U.S.
73,Alias,Alias,spotify:artist:07jJQhIBd8ZqVUdgiwPqdQ,39.0,5460.0,20.0,26.2,524.0,1990-01-01,2021-09-15,31.0,247084.2,19.0,54.0,0.5662,0.18736,0.6142,0.000451384,0.14312,-9.8852,0.03042,108.85139999999998,35.0,_glam_metal_bands_and_artists,74,current,"Toronto, Ontario, Canada", Canada
74,Steeler,Steeler,spotify:artist:0Bok9cwEPeFS6vv7iVrkDj,17.0,11567.0,7.0,17.571428571428573,123.0,1983-01-01,2020-07-21,37.0,297263.6,14.0,22.0,0.3648,0.16337278,0.7572000000000001,0.015324246,0.36656,-11.2306,0.0611999999999999,118.667,8.0,_glam_metal_bands_and_artists,75,past,"Nashville, Tennessee, United States", U.S.
75,Treat,Treat,spotify:artist:6HY1gnFOOY9ZAgQtzvtZHI,34.0,21652.0,20.0,8.85,177.0,1985,2018-09-14,33.0,261887.6,23.0,39.0,0.4697999999999999,0.0139559339999999,0.8946,0.011608372,0.29888,-4.678,0.0751599999999999,130.2196,16.0,_glam_metal_bands_and_artists,76,current,Sweden,Sweden
76,Autograph,Autograph,spotify:artist:2koMWjvRRF0cOpJnjhdKx0,47.0,159595.0,20.0,38.85,777.0,1984,2020-04-17,36.0,276068.8,27.0,61.0,0.5761999999999999,0.0189988,0.8353999999999999,0.0029205079999999,0.196,-9.336200000000002,0.05466,123.5478,34.0,_glam_metal_bands_and_artists,77,current,"Pasadena, California, U.S.", U.S.
77,Madam X,Madam X,spotify:artist:5kSEc6SyT8xgvyQQniMWDO,15.0,4126.0,3.0,10.0,30.0,1984,2014-06-04,30.0,211731.2,9.0,26.0,0.567,0.000104304,0.7918000000000001,0.176044,0.1795199999999999,-10.4282,0.05,129.0462,17.0,_glam_metal_bands_and_artists,78,current,"Detroit, Michigan, U.S.", U.S.
78,Lizzy Borden,Lizzy Borden,spotify:artist:0ZdLFpb5MhkSrsHef7A3Bb,30.0,34628.0,19.0,9.63157894736842,183.0,1984-04-20,2020-11-13,36.0,277568.8,21.0,36.0,0.45,0.001469,0.9308,0.00124348,0.23046,-5.457,0.07006,145.65019999999998,15.0,_glam_metal_bands_and_artists,79,current,"Los Angeles, California, U.S.", U.S.
79,Bad Company,Bad Company,spotify:artist:5AEG63ajney2BoDXi0Vb84,62.0,805500.0,20.0,15.65,313.0,1975,2018-01-12,43.0,286626.4,57.0,69.0,0.5442,0.28302,0.5974,0.0815469839999999,0.21126,-9.0578,0.03282,120.6558,12.0,_glam_metal_bands_and_artists,80,current,"Albury, Surrey, England", England
80,Femme Fatale,Femme Fatale,spotify:artist:0crQwwHC4mo96H2U4CEP1y,17.0,2974.0,4.0,14.25,57.0,1988-01-01,2020-04-12,32.0,253959.8,9.0,25.0,0.5592,0.12216,0.5804,0.000123,0.17696,-12.9826,0.0331999999999999,126.1878,16.0,_glam_metal_bands_and_artists,81,past,"Albuquerque, New Mexico, U.S.", U.S.
81,Falling in Reverse,Falling In Reverse,spotify:artist:2CmaKO2zEGJ1NWpS1yfVGz,72.0,1900441.0,17.0,6.470588235294118,110.0,2011-07-26,2021-02-12,10.0,212241.4,66.0,75.0,0.417,0.011148,0.9286,0.0,0.16226,-3.006,0.1754,155.4256,9.0,_glam_metal_bands_and_artists,82,current,"Las Vegas, Nevada, U.S.", U.S.
82,Hurricane,Hurricane,spotify:artist:6G6iuvTHT1XHUEOw5sbQYm,30.0,25171.0,3.0,10.666666666666666,32.0,1985,1990-01-01,5.0,253629.2,19.0,42.0,0.4836,0.03743588,0.92,1.478e-05,0.2515599999999999,-4.823,0.05564,118.955,23.0,_glam_metal_bands_and_artists,83,current,United States,United States
83,Cycle Sluts from Hell,Cycle Sluts From Hell,spotify:artist:2ZaeXyTyzSJGbGbgwFvXzk,17.0,2392.0,1.0,11.0,11.0,1991-06-09,1991-06-09,0.0,228039.8,8.0,31.0,0.4286,0.0004795799999999,0.8826,0.02207788,0.17014,-9.9686,0.05956,125.878,23.0,_glam_metal_bands_and_artists,84,current,"New York City, New York, U.S.", U.S.
84,Fastway,Fastway,spotify:artist:7eD005d7pGOEYD3eWVRecb,37.0,18193.0,14.0,24.428571428571427,342.0,1983,2014-09-01,31.0,182010.2,27.0,46.0,0.4538,0.0069583999999999,0.7577999999999999,0.199325642,0.2792,-10.9178,0.04342,140.7004,19.0,_glam_metal_bands_and_artists,85,past,England,England
85,Little Caesar,Little Caesar,spotify:artist:5IOstYUATS0EQ77A1DG7gy,29.0,14348.0,13.0,9.846153846153848,128.0,1990-01-01,2018-03-16,28.0,274368.4,20.0,40.0,0.4282,0.0451,0.7314,8.48e-06,0.17878,-8.1158,0.0443199999999999,157.7756,20.0,_glam_metal_bands_and_artists,86,current,"Los Angeles, California, United States", U.S.
86,Barren Cross,Barren Cross,spotify:artist:2Cg6J3WtX1P093c4VKt0Xe,19.0,12301.0,20.0,30.1,602.0,1988,2021-09-17,33.0,259202.2,14.0,23.0,0.4535999999999999,0.00284188,0.9178,1.6261999999999998e-05,0.2201199999999999,-4.3378,0.0429,119.5634,9.0,_glam_metal_bands_and_artists,87,past,"Los Angeles, California, U.S.", U.S.
87,Crashdïet,Crashdïet,spotify:artist:1cB013ULmW96lglRcrWTut,38.0,43298.0,20.0,5.4,108.0,2005-05-20,2021-11-19,16.0,240233.0,31.0,42.0,0.4628,0.0003944399999999,0.9398,0.00116082,0.2784,-3.498,0.06144,140.8218,11.0,_glam_metal_bands_and_artists,88,current,"Stockholm, Sweden", Sweden
88,Loudness,LOUDNESS,spotify:artist:2bjzKs28cL5EVKB0xqUGuJ,39.0,61744.0,20.0,20.5,410.0,2014-09-17,2020-09-23,6.0,266476.8,32.0,35.0,0.4486,0.0135385999999999,0.7528,0.01216614,0.2557999999999999,-9.8408,0.03542,151.5504,3.0,_glam_metal_bands_and_artists,89,current,"Osaka, Japan", Japan
89,King Kobra,King Kobra,spotify:artist:60DhbkIV5C2aLGgtpfUw2C,36.0,30514.0,18.0,22.0,396.0,1985-01-01,2021-08-20,36.0,252370.2,20.0,49.0,0.508,0.079596,0.8852,6.62e-07,0.48288,-5.0244,0.06656,122.32800000000002,29.0,_glam_metal_bands_and_artists,90,current,"Los Angeles, California, U.S.", U.S.
90,Keel,Keel,spotify:artist:2FgJrE4LGXGhaygQTw27Y2,29.0,34625.0,19.0,47.94736842105263,911.0,1984,2021-04-11,37.0,225997.0,19.0,39.0,0.4816,0.0224788,0.8389999999999999,0.00663414,0.2937999999999999,-9.32,0.0726,121.928,20.0,_glam_metal_bands_and_artists,91,current,"Los Angeles, California, U.S.", U.S.
91,Cry Wolf,Cry Wolf,spotify:artist:7jqhTawW16Yt98eLuFoZsc,1.0,235.0,3.0,9.666666666666666,29.0,2009-06-13,2010-06-13,1.0,81141.2,0.0,1.0,0.4218,0.001145128,0.955,0.000170876,0.3484,-5.1174,0.11854,125.4114,1.0,_glam_metal_bands_and_artists,92,current,"San Francisco Bay Area, United States", U.S.
92,Hollywood Rose,Hollywood Rose,spotify:artist:2AZ141e2CZ7cuxtV5sYgON,26.0,39755.0,20.0,60.55,1211.0,2004,2014-11-01,10.0,250324.6,21.0,33.0,0.4082,0.00417504,0.9082,0.42882,0.12778,-5.9126,0.10692,124.4038,12.0,_glam_metal_bands_and_artists,93,past,"Los Angeles, California, U.S.", U.S.
93,Child's Play,Child's Play,spotify:artist:3q5dT9fhycfs56ExOrH9fa,0.0,71.0,2.0,20.5,41.0,2020-07-31,2020-11-29,0.0,197314.0,0.0,0.0,0.719,0.0225,0.698,0.0567,0.139,-8.712,0.031,124.998,0.0,_glam_metal_bands_and_artists,94,past,"Baltimore, Maryland, U.S.", U.S.
94,Warlock,Warlock,spotify:artist:5XDeFQDarnwpR5WAfD6S0d,42.0,138937.0,20.0,12.9,258.0,1984-01-01,2021-11-04,37.0,248108.8,30.0,53.0,0.5107999999999999,0.025306,0.6832,0.002713,0.17102,-14.3866,0.04218,136.07739999999998,23.0,_glam_metal_bands_and_artists,95,past,"Düsseldorf, Germany", Germany
95,Extreme,Extreme,spotify:artist:6w7j5wQ5AI5OQYlcM15s2L,63.0,409190.0,20.0,10.95,219.0,1989-01-01,2021-11-26,32.0,251345.4,45.0,75.0,0.552,0.239698,0.5900000000000001,0.016998,0.1030799999999999,-9.9562,0.0408599999999999,119.2688,30.0,_glam_metal_bands_and_artists,96,current,"Boston, Massachusetts, U.S.", U.S.
96,Diemonds,DIEMONDS,spotify:artist:34OxXFpd1WLKJgVloUNCgP,11.0,3231.0,11.0,8.909090909090908,98.0,2012-04-02,2018-08-10,6.0,194219.8,5.0,11.0,0.4164,0.00262036,0.921,0.0979166019999999,0.09234,-3.9418,0.0978599999999999,146.0374,6.0,_glam_metal_bands_and_artists,97,current,"Toronto, Ontario, Canada", Canada
97,Living Colour,Living Colour,spotify:artist:6Uhp7WA6sjm5ZL6Xz561de,54.0,284560.0,20.0,13.0,260.0,1988-06-15,2020-10-15,32.0,257469.8,36.0,67.0,0.5267999999999999,0.1128038,0.7836000000000001,0.00221854,0.38168,-6.0298,0.0559599999999999,134.84660000000002,31.0,_glam_metal_bands_and_artists,98,current,"New York City, New York, U.S.", U.S.
98,Giant,GIANT,spotify:artist:3gKPME3EjakIpyBUZrWPTh,38.0,20616.0,20.0,28.7,574.0,1989-01-01,2021-11-17,32.0,276866.4,32.0,47.0,0.509,0.0197916,0.7781999999999999,0.0313322,0.12732,-9.1012,0.0486799999999999,131.60479999999998,15.0,_glam_metal_bands_and_artists,99,current,"Nashville, Tennessee, United States", U.S.
99,Vain,vain,spotify:artist:0kZJldvnKc7MI0ztoNx3p7,1.0,22.0,8.0,1.625,13.0,2021-01-20,2021-10-22,0.0,141206.8,0.0,2.0,0.5916,0.30642,0.5622,6.02e-05,0.16712,-9.4058,0.1667,124.18139999999998,2.0,_glam_metal_bands_and_artists,100,current,"San Francisco Bay Area, California, U.S.", U.S.
100,Saigon Kick,Saigon Kick,spotify:artist:1Qt3QdA0ZoOoeWfrJzA12d,39.0,39028.0,20.0,32.6,652.0,1988,2021-10-15,33.0,214445.0,22.0,52.0,0.5396,0.0184432,0.649,0.0309096,0.13438,-8.9806,0.0406199999999999,113.0196,30.0,_glam_metal_bands_and_artists,101,current,"Coral Springs, Florida, U.S.", U.S.
101,Blue Murder,Blue Murder,spotify:artist:7IzaAmbUsyOJsAIhZGUKR1,30.0,18861.0,3.0,10.0,30.0,1989-01-01,1994-05-26,5.0,367533.0,23.0,38.0,0.3438,0.0582638,0.8172,0.0013700399999999,0.28142,-12.4278,0.08202,133.16879999999998,15.0,_glam_metal_bands_and_artists,102,past,0,nan
102,Y&T,Y&T,spotify:artist:49Cw140t9jupn4S3udehoP,45.0,155221.0,20.0,11.3,226.0,1981,2018-01-05,37.0,224263.8,35.0,47.0,0.3968,0.0129864,0.9354,7.3404e-05,0.24296,-4.0028,0.06206,145.2144,12.0,_glam_metal_bands_and_artists,103,current,"Oakland, California, U.S.", U.S.
103,Junkyard,Junkyard,spotify:artist:102IW5khntjPJsSvbFI7eF,29.0,19027.0,20.0,21.9,438.0,1989-01-01,2021-09-10,32.0,242205.0,23.0,36.0,0.563,0.003616,0.7053999999999999,0.000141828,0.11306,-9.6564,0.04052,123.296,13.0,_glam_metal_bands_and_artists,104,current,"Los Angeles, California, United States", U.S.
104,Magdallan,Magdallan,spotify:artist:4WJowam3UvBoIvgT2u5nAu,6.0,1630.0,2.0,14.5,29.0,1992,1999-01-01,7.0,312551.6,4.0,8.0,0.5067999999999999,0.0395286,0.8141999999999999,2.6636e-05,0.25854,-9.752,0.06844,136.78400000000002,4.0,_glam_metal_bands_and_artists,105,past,0,nan
105,Kiss,KISS,spotify:artist:07XSN3sPlIlB2L2XNcTwJw,74.0,6537029.0,20.0,24.55,491.0,1993-05-18,2021-11-19,28.0,213797.2,63.0,82.0,0.6586000000000001,0.094052,0.8664000000000002,0.0110846,0.1687,-5.9686,0.06374,129.8172,19.0,_glam_metal_bands_and_artists,106,current,"New York City, New York, U.S.", U.S.
106,Danger Danger,Danger Danger,spotify:artist:1VaIDrxow5xfLmB9R26JVZ,42.0,130409.0,20.0,23.4,468.0,1989-06-27,2019-08-28,30.0,287263.6,40.0,45.0,0.511,0.08886,0.8328,8.76e-05,0.45522,-8.4012,0.04616,124.7394,5.0,_glam_metal_bands_and_artists,107,current,"Queens, New York, United States", U.S.
107,Kick Axe,Kick Axe,spotify:artist:0zoCulj9Wm2A6fve6S6Khy,19.0,6629.0,4.0,10.0,40.0,1984-06-24,2011-08-15,27.0,238402.2,14.0,19.0,0.434,0.0082805999999999,0.8936,5.5118e-05,0.13636,-5.8334,0.06736,123.747,5.0,_glam_metal_bands_and_artists,108,current,"Regina, Saskatchewan, Canada", Canada
108,Great White,Great White,spotify:artist:6ZPbX2Lxd40e2UVkXpyxvI,54.0,680020.0,20.0,13.65,273.0,1999-06-25,2019-10-16,20.0,328723.0,48.0,62.0,0.5713999999999999,0.043066,0.6484,0.0619191999999999,0.15138,-11.2052,0.04986,140.36020000000002,14.0,_glam_metal_bands_and_artists,109,current,"Los Angeles, California, U.S.", U.S.
109,XYZ,XYZ,spotify:artist:28MsAYY24xZE2stpbRuAZD,35.0,10923.0,11.0,1.0,11.0,2021-02-04,2021-07-29,0.0,271391.8,24.0,29.0,0.6012000000000001,0.1245499999999999,0.932,2.82e-05,0.2418,-2.9024,0.10232,133.60100000000003,5.0,_glam_metal_bands_and_artists,110,current,"Los Angeles, California, United States", U.S.
110,Crazy Lixx,Crazy Lixx,spotify:artist:24k1UCsJJHHU9ohk7YIvzC,44.0,40656.0,20.0,9.5,190.0,2010-03-19,2021-11-05,11.0,226133.0,34.0,40.0,0.4423999999999999,0.00041764,0.9424,0.2920086,0.1911,-6.885599999999999,0.0469,137.6004,6.0,_glam_metal_bands_and_artists,111,current,"Malmö, Sweden", Sweden
111,Johnny Crash,Johnny Crash,spotify:artist:24lIEjDQpjeoG7gGJASftA,10.0,1480.0,7.0,13.142857142857142,92.0,2012-02-10,2016-01-29,4.0,238825.8,7.0,11.0,0.4916,0.11334,0.834,0.13733706,0.1594,-4.4858,0.05212,142.51280000000003,4.0,_glam_metal_bands_and_artists,112,past,"Los Angeles, California, U.S.", U.S.
112,Europe,Europe,spotify:artist:7Js6Lde8thlIHXggv2SCBz,66.0,1132932.0,20.0,17.6,352.0,2009-09-18,2017-10-20,8.0,262653.0,54.0,77.0,0.5062,0.09436,0.6908000000000001,0.000441886,0.18138,-8.7714,0.0441999999999999,119.84560000000002,23.0,_glam_metal_bands_and_artists,113,current,"Upplands Väsby, Sweden", Sweden
113,Nitro,Nitro,spotify:artist:6jQZzWW3JlEtcRDSzFVKSP,64.0,599424.0,20.0,6.05,121.0,2013-07-16,2021-04-09,8.0,234103.4,55.0,62.0,0.696,0.0573319999999999,0.7704000000000001,2.584e-06,0.4138,-5.641,0.2197,120.5242,7.0,_glam_metal_bands_and_artists,114,past,"Hollywood, California, USA", USA
114,Brides of Destruction,Brides Of Destruction,spotify:artist:3B09s0m2NTABfaUO25FrvS,17.0,11000.0,3.0,10.333333333333334,31.0,2004-03-09,2005-09-13,1.0,219058.4,12.0,27.0,0.4426,0.04727404,0.9542,0.00426934,0.23668,-3.6742,0.0851,128.25439999999998,15.0,_glam_metal_bands_and_artists,115,past,"Los Angeles, California, U.S.", U.S.
115,Giuffria,Giuffria,spotify:artist:0tOyrwtpSvttpZ04mI2Fb4,29.0,8201.0,4.0,15.5,62.0,1984-01-01,2017-10-13,33.0,264583.8,15.0,42.0,0.4768,0.0815379999999999,0.8193999999999999,0.000136914,0.17246,-3.9574,0.04174,118.1932,27.0,_glam_metal_bands_and_artists,116,current,"Washington, D.C., United States", U.S.
116,Dangerous Toys,Dangerous Toys,spotify:artist:2ASrZfFxWDnzsNwUQg3pzl,30.0,65242.0,20.0,46.8,936.0,1989-05-09,2014-09-01,25.0,209223.8,20.0,38.0,0.4298,0.035782,0.9652,0.33436,0.11538,-4.0448,0.15226,143.336,18.0,_glam_metal_bands_and_artists,117,current,"Austin, Texas, United States", U.S.
117,Gotthard,Gotthard,spotify:artist:4DwhNqibDIsxIamSxWb7tQ,49.0,96963.0,20.0,15.9,318.0,2011-09-30,2020-10-02,9.0,226575.8,42.0,50.0,0.5148,0.199066,0.7404,0.0036904,0.09532,-6.847800000000001,0.0505,124.5998,8.0,_glam_metal_bands_and_artists,118,current,"Lugano, Switzerland", Switzerland
118,Satanicide,0,0,0.0,0.0,0.0,0.0,0.0,0,0,0.0,0.0,0.0,0.0,0.0,0.0,0.0,0.0,0.0,0.0,0.0,0.0,0.0,_glam_metal_bands_and_artists,119,current,"New York City, United States", U.S.
119,The Poodles,The Poodles,spotify:artist:56qqwnRK5BjH8okTscHtY9,37.0,18506.0,20.0,8.55,171.0,2006,2018-01-26,12.0,216870.8,22.0,37.0,0.4885999999999999,0.02868626,0.8446,0.000467224,0.19644,-4.3718,0.05088,140.3636,15.0,_glam_metal_bands_and_artists,120,past,Sweden,Sweden
120,Van Halen,Van Halen,spotify:artist:2cnMpRsOVqtPMfq7YiFE6K,74.0,4354409.0,20.0,12.8,256.0,1978-02-10,2017-07-14,39.0,221135.4,67.0,79.0,0.5152,0.0686344,0.9212,0.0001943,0.14426,-5.742,0.09558,126.55700000000002,12.0,_glam_metal_bands_and_artists,121,past,"Pasadena, California, U.S.", U.S.
121,The Darkness,The Darkness,spotify:artist:5r1bdqzhgRoHC3YcCV6N5a,60.0,338828.0,20.0,13.85,277.0,2012-08-20,2021-11-19,9.0,233015.6,47.0,69.0,0.4029999999999999,0.02138,0.8789999999999999,0.0002056619999999,0.2355,-4.462,0.06894,122.9432,22.0,_glam_metal_bands_and_artists,122,current,"Lowestoft, Suffolk, England", England
122,Aerosmith,Aerosmith,spotify:artist:7Ey4PD4MYsKc5I2dolUwbH,77.0,11229953.0,20.0,13.65,273.0,1982-08-27,2020-05-01,38.0,275589.2,74.0,80.0,0.42,0.132236,0.6876,0.0059002199999999,0.17288,-8.1346,0.03654,130.4576,6.0,_glam_metal_bands_and_artists,123,current,"Boston, Massachusetts, U.S.", U.S.
123,Bon Jovi,Bon Jovi,spotify:artist:58lV9VcRSjABbAbfWS6skp,79.0,10111720.0,20.0,14.15,283.0,2009-01-01,2020-10-05,11.0,271636.8,74.0,83.0,0.4518000000000001,0.08348,0.8442000000000001,0.00296595,0.27436,-4.0602,0.04018,131.2314,9.0,_glam_metal_bands_and_artists,124,current,"Sayreville, New Jersey, U.S.", U.S.
124,Nasty Idols,Nasty Idols,spotify:artist:53l5ghHZZQUZlwAM70cAJU,0.0,1837.0,1.0,13.0,13.0,2006,2006,0.0,252107.0,3.0,3.0,0.288,0.00626,0.93,0.00202,0.824,-5.395,0.063,93.287,0.0,_glam_metal_bands_and_artists,125,past,"Malmö, Sweden", Sweden
125,Vandenberg,Vandenberg,spotify:artist:5YCtylTmw5A39uy1jP36Wi,37.0,45.0,2.0,1.0,2.0,2021-02-23,2021-11-19,0.0,147625.0,33.0,53.0,0.6445000000000001,0.9355,0.10665,0.9055,0.123,-19.376,0.0557,128.54149999999998,20.0,_glam_metal_bands_and_artists,126,current,"Amsterdam, NetherlandsLos Angeles, California, United States", U.S.
126,Bonham,Bonham,spotify:artist:0pRq0U6fqH5r5RzCTskGAR,26.0,4220.0,5.0,33.4,167.0,1989-07-06,2014-09-01,25.0,276791.6,13.0,40.0,0.4592,0.11578,0.7015999999999999,0.1656648299999999,0.4314,-12.2564,0.04142,103.1234,27.0,_glam_metal_bands_and_artists,127,past,United Kingdom,United Kingdom
127,Whitecross,Whitecross,spotify:artist:38G8E1MViuxPZPd5qIgbic,32.0,33816.0,19.0,15.105263157894736,287.0,1991-01-01,2020-05-01,29.0,276380.8,24.0,31.0,0.5664,0.17864,0.6771999999999999,0.0083945999999999,0.2118,-11.5782,0.04154,116.37399999999998,7.0,_glam_metal_bands_and_artists,128,current,"Waukegan, Illinois, US", US
128,Killer Dwarfs,Killer Dwarfs,spotify:artist:2YRnsMgPPHXqoycoWduoHu,26.0,12052.0,3.0,10.666666666666666,32.0,1990,2018-04-13,28.0,240074.4,18.0,37.0,0.4592,0.0002739399999999,0.8478,0.0855682,0.14456,-7.311999999999999,0.03612,130.3382,19.0,_glam_metal_bands_and_artists,129,current,"Oshawa, Ontario, Canada", Canada
129,Vixen,Vixen,spotify:artist:4wlPkvHKZzP2K8wtBzFRyY,42.0,80339.0,20.0,17.95,359.0,1988-01-01,2021-12-03,33.0,250314.2,33.0,52.0,0.5720000000000001,0.100386,0.7102,0.00017322,0.09344,-11.1564,0.03276,125.8582,19.0,_glam_metal_bands_and_artists,130,current,"Saint Paul, Minnesota, U.S.", U.S.
130,Frehley's Comet,Frehley's Comet,spotify:artist:5EQBeHXKVF2u0riklyhpxe,15.0,9814.0,20.0,33.8,676.0,1988,2021-04-30,33.0,244069.0,8.0,17.0,0.4444,0.0055726,0.7646000000000001,0.169292398,0.15874,-11.2546,0.0459199999999999,113.73999999999998,9.0,_glam_metal_bands_and_artists,131,past,"New York City, New York, United States", U.S.
131,Gorky Park,Gorky Park,spotify:artist:1qqNkaZGPRMuPsbyff8zQg,31.0,14408.0,3.0,12.666666666666666,38.0,1989-01-01,2013-01-27,24.0,292692.6,13.0,42.0,0.4474,0.140446,0.627,0.000719286,0.2531,-12.076,0.03498,128.0336,29.0,_glam_metal_bands_and_artists,132,current,"Moscow, Russia", Russia
132,Poison,Poison,spotify:artist:1fBCIkoPOPCDLUxGuWNvyo,65.0,2508079.0,20.0,13.2,264.0,1986,2013-05-27,27.0,235007.6,58.0,71.0,0.5366,0.0526139999999999,0.8865999999999999,0.00017983,0.2902,-3.7216,0.06034,133.5374,13.0,_glam_metal_bands_and_artists,133,current,"Mechanicsburg, Pennsylvania, U.S.", U.S.
133,Blonz,Blondie,spotify:artist:4tpUmLEVLCGFr93o8hFFIB,71.0,1027173.0,20.0,14.2,284.0,1979-10-01,2021-07-16,42.0,279797.2,48.0,71.0,0.5682,0.03528,0.7282,0.003390772,0.07442,-8.8232,0.04678,131.7226,23.0,_glam_metal_bands_and_artists,134,past,"Atlanta, Georgia", Georgia
134,H.E.A.T,H.E.A.T,spotify:artist:7M4PCSo5DDasGginrPHSDd,47.0,55227.0,20.0,12.15,243.0,2015-02-18,2020-02-21,5.0,230847.6,33.0,50.0,0.5252,0.0156064599999999,0.9686,2.45e-05,0.16706,-3.2836,0.07458,124.21,17.0,_glam_metal_bands_and_artists,135,current,"Upplands Väsby, Sweden", Sweden
135,Lynam,Lynam,spotify:artist:6gsQFPCuxexzm7YmOWc9Xu,7.0,1477.0,9.0,8.777777777777779,79.0,2002-01-28,2015-10-30,13.0,208514.4,4.0,9.0,0.4886,0.0018347,0.901,0.007043768,0.13896,-4.2246,0.04372,128.9922,5.0,_glam_metal_bands_and_artists,136,current,"Birmingham, Alabama, U.S.", U.S.
136,Slik Toxik,Slik Toxik,spotify:artist:7eXSeoAszMWefUZrCoMCqw,11.0,978.0,2.0,12.5,25.0,1992-03-24,2015-09-25,23.0,256770.4,7.0,16.0,0.5593999999999999,0.00400378,0.8428000000000001,0.11691518,0.17834,-7.907599999999999,0.0406,118.8732,9.0,_glam_metal_bands_and_artists,137,past,"Toronto, Ontario, Canada", Canada
137,Spread Eagle,Spread Eagle,spotify:artist:7zHsOl9ubyE9f0sKiCOfet,18.0,9934.0,7.0,7.0,49.0,1990-01-01,2019-08-09,29.0,278063.6,13.0,27.0,0.327,0.0063398219999999,0.929,0.055999,0.1709,-5.864199999999999,0.1232399999999999,130.51420000000002,14.0,_glam_metal_bands_and_artists,138,current,"New York City, New York, United States", U.S.
138,FireHouse,Firehouse,spotify:artist:28pS8WVbFstY0o1SrqCf8I,58.0,642720.0,20.0,29.5,590.0,1990-09-01,2021-11-29,31.0,251890.2,53.0,62.0,0.5136000000000001,0.0500174,0.6134000000000001,0.00056416,0.13444,-9.4948,0.02916,122.9344,9.0,_glam_metal_bands_and_artists,139,current,"Charlotte, North Carolina, U.S.", U.S.
139,Thunder,Thunder,spotify:artist:3SfrwwVPGtjYTI3vwQ4hEU,45.0,87259.0,20.0,14.9,298.0,2016-01-29,2021-09-24,5.0,301469.4,36.0,50.0,0.4726000000000001,0.05578888,0.9024,0.005726322,0.2039,-7.579600000000001,0.0459799999999999,143.291,14.0,_glam_metal_bands_and_artists,140,current,"London, England", England
140,Sleeze Beez,Sleeze Beez,spotify:artist:1vtAPJfmg4pz2Bjd3OcyCA,29.0,23251.0,20.0,20.4,408.0,1987,2021-03-26,34.0,239247.6,17.0,38.0,0.4522,0.0458568,0.8353999999999999,0.0184636,0.23814,-6.2306,0.0500599999999999,131.7028,21.0,_glam_metal_bands_and_artists,141,current,"Amsterdam, Netherlands", Netherlands
141,Harem Scarem,Harem Scarem,spotify:artist:6q72NwO3LCZ2WNKkDKy5va,43.0,37092.0,20.0,15.1,302.0,1991-08-20,2020-03-25,29.0,238096.2,31.0,54.0,0.5372000000000001,0.142668,0.6199999999999999,2.756e-06,0.10604,-9.499200000000002,0.034,115.9568,23.0,_glam_metal_bands_and_artists,142,current,"Toronto, Ontario, Canada", Canada
142,Jackyl,Jackyl,spotify:artist:3jdirYL01245TvAH39GfM6,47.0,171576.0,20.0,8.0,160.0,1992-01-01,2020-05-28,28.0,235634.2,42.0,51.0,0.6552,0.018876,0.8055999999999999,0.0196809999999999,0.4166,-7.7904,0.04282,114.66599999999998,9.0,_glam_metal_bands_and_artists,143,current,"Kennesaw, Georgia, U.S.", U.S.
143,Hinder,Hinder,spotify:artist:6BMhCQJYHxxKAeqYS1p5rY,63.0,1459076.0,20.0,9.15,183.0,2005,2019-07-26,14.0,226682.2,57.0,73.0,0.4516,0.0515579999999999,0.8230000000000001,0.000169796,0.16352,-4.459200000000001,0.03852,112.7014,16.0,_glam_metal_bands_and_artists,144,current,"Oklahoma City, Oklahoma, U.S.", U.S.
144,War Babies,War Babies,spotify:artist:3FLbpQtpG1K8YoNuaFsyDw,9.0,3486.0,6.0,14.5,87.0,1968-03-03,2020-07-10,52.0,280383.6,7.0,14.0,0.4422,0.025468,0.9122,0.000395,0.10746,-6.4884,0.06536,141.776,7.0,_glam_metal_bands_and_artists,145,current,"Seattle, Washington, U.S.", U.S.
145,The Last Vegas,The Last Vegas,spotify:artist:7fXDfYeQzpPak5bAizQApC,27.0,9316.0,13.0,8.461538461538462,110.0,2004-01-01,2017-08-24,13.0,250027.8,13.0,38.0,0.4234,0.0013435,0.8998000000000002,0.031388338,0.2188,-4.4102,0.06046,128.63920000000002,25.0,_glam_metal_bands_and_artists,146,current,"Chicago, Illinois United States", Illinois United States
146,Heaven's Edge,Heavens Edge,spotify:artist:2T03HaMa4RA484VbUGwnff,17.0,3107.0,2.0,15.5,31.0,1990,2011-06-23,21.0,294127.8,14.0,21.0,0.5434,0.006827,0.9008,4.421999999999999e-05,0.19056,-4.3034,0.06114,134.93919999999997,7.0,_glam_metal_bands_and_artists,147,past,"Philadelphia, Pennsylvania, United States", U.S.
147,Hardcore Superstar,Hardcore Superstar,spotify:artist:57b3sKD9pGilMb2QlMqArq,48.0,98401.0,20.0,13.5,270.0,2001-02-13,2018-09-21,17.0,222105.0,26.0,43.0,0.3905999999999999,0.00011844,0.8402,0.00207363,0.19778,-6.689,0.0571799999999999,121.1874,17.0,_glam_metal_bands_and_artists,148,current,"Gothenburg, Sweden", Sweden
148,Slaughter,Slaughter,spotify:artist:4ibNXJiMYOPibpS9DB9Qz3,47.0,447103.0,20.0,18.05,361.0,1989,2021-10-22,32.0,253013.2,40.0,54.0,0.5096,0.0472746,0.8122,0.001531004,0.2198,-7.069,0.05228,119.287,14.0,_glam_metal_bands_and_artists,149,current,"Las Vegas, Nevada, U.S.", U.S.
149,Electric Boys,Electric Boys,spotify:artist:0zRRk9Oe6owoIi3cY5yWk4,33.0,13790.0,20.0,9.5,190.0,1989-06-13,2021-04-30,32.0,251169.8,24.0,34.0,0.484,0.018169928,0.8565999999999999,0.0071599799999999,0.3324,-6.348000000000001,0.048,121.0168,10.0,_glam_metal_bands_and_artists,150,current,"Stockholm, Sweden", Sweden
150,Brighton Rock,Brighton Rock,spotify:artist:48jKRfnRqZL2AD4hISo7Rk,14.0,2382.0,15.0,22.8,342.0,1985-01-01,2021-05-28,36.0,238549.4,11.0,16.0,0.469,0.056712,0.6272,0.009165046,0.2145999999999999,-11.3298,0.03452,114.0326,5.0,_glam_metal_bands_and_artists,151,current,"Niagara Falls, Ontario, Canada", Canada
151,Seventh Key,Seventh Key,spotify:artist:2ymf20K44faiwDIsPdjGWS,23.0,5691.0,5.0,9.4,47.0,2001,2013-11-05,12.0,306074.4,13.0,33.0,0.4939999999999999,0.0206865999999999,0.7338,1.7839999999999998e-06,0.1807,-9.3168,0.04044,129.97599999999997,20.0,_glam_metal_bands_and_artists,152,current,"Jacksonville, Florida, U.S.", U.S.
152,Lion,Lion,spotify:artist:0sHhv7X5f5RsL0yoNKdbmd,33.0,8067.0,20.0,5.45,109.0,1986,2021-12-02,35.0,228423.8,16.0,34.0,0.4396,0.00112594,0.9418,4.14e-06,0.30288,-4.3188,0.07258,119.2988,18.0,_glam_metal_bands_and_artists,153,past,Los Angeles,Los Angeles
153,It's Alive,It's Alive,spotify:artist:3j0G99UX0pssC96mLgAPXl,30.0,3003.0,2.0,11.5,23.0,1993-02-18,2010-01-01,17.0,227407.8,16.0,39.0,0.428,0.00048798,0.8426,5.9896e-05,0.11406,-3.822400000000001,0.0548,120.9204,23.0,_glam_metal_bands_and_artists,154,past,"Stockholm, Sweden", Sweden
154,Kik Tracee,Kik Tracee,spotify:artist:5TuLVnp9zGOanmPk2mZxgR,13.0,7486.0,2.0,10.0,20.0,1991-04-22,1992-04-22,1.0,265559.6,9.0,19.0,0.4416,0.0598104,0.794,0.0001148,0.3648,-9.8878,0.05428,124.6538,10.0,_glam_metal_bands_and_artists,155,past,"Los Angeles, California, U.S.", U.S.
155,Pretty Maids,Pretty Maids,spotify:artist:4OGo8f0tdKloP3IZwvnLqt,44.0,67173.0,20.0,22.5,450.0,1984-05-14,2020-05-22,36.0,276925.2,37.0,47.0,0.5244,0.014418,0.8388,0.174785142,0.2449199999999999,-8.9804,0.0455,119.598,10.0,_glam_metal_bands_and_artists,156,current,"Horsens, Denmark", Denmark
156,Badlands,Badlands,spotify:artist:7fjyk4yWOsLuEa4JGZ89qH,19.0,16577.0,2.0,11.0,22.0,1999,2017-01-30,18.0,261637.2,17.0,27.0,0.396,0.011127,0.8922000000000001,0.003366874,0.1236,-5.1064,0.0523,107.8454,10.0,_glam_metal_bands_and_artists,157,past,"Los Angeles, California, United States", U.S.
157,D.A.D.,D.A.D.,spotify:artist:0OhOahhNlT45ERdWGQR5Yw,1.0,61.0,4.0,6.0,24.0,2016-06-19,2021-03-05,5.0,198331.8,0.0,1.0,0.8792,0.3177,0.5276,1.5506e-05,0.1717199999999999,-10.6066,0.2582,129.00820000000002,1.0,_glam_metal_bands_and_artists,158,current,"Copenhagen, Denmark", Denmark
158,Babylon A.D.,Babylon A.D.,spotify:artist:6sh4WKluS0LOsPdGPerKJ5,28.0,35717.0,16.0,8.5,136.0,1989,2017-11-22,28.0,268679.6,23.0,36.0,0.4856,0.0033461999999999,0.795,0.0287682999999999,0.3472,-10.3252,0.0405199999999999,118.0766,13.0,_glam_metal_bands_and_artists,159,current,"San Francisco, California, United States", U.S.
159,Reckless Love,Reckless Love,spotify:artist:0Nkyv1Zj8Xh7Lux3KzIQCl,43.0,45408.0,20.0,6.45,129.0,2010-01-01,2021-11-19,11.0,206835.0,39.0,43.0,0.5462,0.0018361199999999,0.8028000000000001,4.86e-07,0.26852,-5.6744,0.05636,127.396,4.0,_glam_metal_bands_and_artists,160,current,"Kuopio, Finland", Finland
160,D'Molls,D'Molls,spotify:artist:0cJaEcnemGEz7cINXxe7F6,10.0,7421.0,20.0,32.9,658.0,1987,2021-06-11,34.0,244450.4,6.0,12.0,0.4652,0.0845645999999999,0.7465999999999999,0.0582712399999999,0.13922,-9.525200000000002,0.0481,113.8476,6.0,_glam_metal_bands_and_artists,161,past,"Chicago, Illinois, United States", U.S.
161,Trixter,Trixter,spotify:artist:4M3TtMs03DHCYvzbgzBnyZ,33.0,78980.0,8.0,11.75,94.0,1990-01-01,2021-11-16,31.0,284493.0,22.0,40.0,0.5454,0.02323,0.5946,0.048090402,0.1208799999999999,-11.955,0.0374199999999999,124.1406,18.0,_glam_metal_bands_and_artists,162,current,"Paramus, New Jersey, United States", U.S.
162,Stage Dolls,Stage Dolls,spotify:artist:6H0YoV8pMik8ovVyM7aZ8m,39.0,15317.0,20.0,7.1,142.0,1985-01-01,2020-06-19,35.0,269996.6,14.0,37.0,0.5682,0.32048,0.4768,7.565999999999999e-06,0.21682,-11.764,0.0283399999999999,97.3078,23.0,_glam_metal_bands_and_artists,163,current,"Trondheim, Norway", Norway
163,Lillian Axe,Lillian Axe,spotify:artist:72iycfDchBBTdhODzAETUw,27.0,21629.0,18.0,17.444444444444443,314.0,1988-06-06,2021-10-15,33.0,256271.8,20.0,29.0,0.5067999999999999,0.14692474,0.7928,0.0001781799999999,0.2274,-6.3758,0.0476599999999999,115.2498,9.0,_glam_metal_bands_and_artists,164,current,"New Orleans, Louisiana, US", US
164,Beggars & Thieves,Beggars & Thieves,spotify:artist:2dK29Nsq8gvhmSUvjvmtBK,11.0,2742.0,11.0,20.63636363636364,227.0,1990-01-01,2020-06-08,30.0,319594.4,3.0,18.0,0.4049999999999999,0.0743366,0.6574,0.000182624,0.1542199999999999,-9.441,0.04104,121.7714,15.0,_glam_metal_bands_and_artists,165,current,"New York City, New York", New York
165,Bad City,Bad City,spotify:artist:6AF5MVitfLHRDqtbmlc1iF,10.0,1580.0,20.0,35.8,716.0,2010-08-23,2021-10-08,11.0,243514.0,8.0,14.0,0.4347999999999999,0.0131128,0.898,0.0010739999999999,0.3404,-3.0493999999999994,0.06822,130.7762,6.0,_glam_metal_bands_and_artists,166,current,"Chicago, Illinois United States", Illinois United States
166,Shotgun Messiah,Shotgun Messiah,spotify:artist:08rXQbq2f7z8o6PRcsmtJJ,24.0,4062.0,1.0,13.0,13.0,1991-10-22,1991-10-22,0.0,251389.0,18.0,36.0,0.5058,0.010294,0.8341999999999998,0.12513692,0.2534599999999999,-10.6714,0.04256,151.2046,18.0,_glam_metal_bands_and_artists,167,past,"Skövde, SwedenHollywood, Los Angeles, California", California
167,Vinnie Vincent Invasion,Vinnie Vincent Invasion,spotify:artist:3ZUP9QmHAppM2vfpknkvIF,32.0,53713.0,4.0,29.5,118.0,1986,2020-08-14,34.0,272631.6,19.0,41.0,0.4413999999999999,0.0048144,0.8164,0.012501218,0.2219999999999999,-6.994,0.04332,122.1304,22.0,_glam_metal_bands_and_artists,168,past,"Los Angeles, California, U.S.", U.S.
168,Mr. Big,Mr. Big,spotify:artist:5OfhOoKunSnuubxxRML8J3,62.0,434080.0,20.0,15.45,309.0,1997-11-10,2018-07-13,21.0,237994.6,47.0,68.0,0.5658000000000001,0.21347112,0.5993999999999999,1.5906e-05,0.1669,-9.0162,0.05836,125.238,21.0,_glam_metal_bands_and_artists,169,current,"Los Angeles, California, United States", U.S.
169,Contraband,Contraband,spotify:artist:69kcbfWIUhoHzbGl2l1xC0,1.0,16.0,6.0,2.333333333333333,14.0,2019-11-24,2021-08-04,2.0,156150.0,0.0,2.0,0.8,0.207,0.5569999999999999,0.0,0.18755,-9.725499999999998,0.3095,117.9375,2.0,_glam_metal_bands_and_artists,170,past,"Los Angeles, California, U.S.", U.S.
170,Bang Tango,Bang Tango,spotify:artist:3DhHdlyaEYhoTFs0YJeeuc,27.0,40990.0,20.0,42.95,859.0,1989-01-01,2014-12-01,25.0,285890.2,18.0,38.0,0.578,0.0242804,0.8088,0.04506528,0.12746,-7.986599999999998,0.0471199999999999,127.633,20.0,_glam_metal_bands_and_artists,171,current,"Los Angeles, California, United States", U.S.
171,Steel Panther,Steel Panther,spotify:artist:3l02WF362j1oHOurzuseBv,54.0,426846.0,20.0,7.9,158.0,2009-01-01,2021-03-11,12.0,219783.0,47.0,57.0,0.4492,0.0102312,0.9118,0.0,0.21028,-3.7826,0.09852,126.1144,10.0,_glam_metal_bands_and_artists,172,current,"Los Angeles, California, U.S.", U.S.
172,Bad English,Bad English,spotify:artist:5fhMbh4PVSLSODF2fhWwqt,52.0,238015.0,20.0,51.15,1023.0,1989-06-15,2020-06-19,31.0,291138.4,34.0,66.0,0.5118,0.19182,0.5568,9.46e-06,0.11286,-9.8996,0.0299599999999999,120.3992,32.0,_glam_metal_bands_and_artists,173,past,"Los Angeles, California, U.S.", U.S.
173,Manic Street Preachers,Manic Street Preachers,spotify:artist:2uH0RyPcX7fnCcT90HFDQX,59.0,545252.0,20.0,18.95,379.0,2007-05-07,2021-09-10,14.0,270087.6,28.0,56.0,0.3753999999999999,0.0005109159999999,0.8432000000000001,0.0146495399999999,0.1538999999999999,-5.1182,0.0390999999999999,108.3136,28.0,_glam_metal_bands_and_artists,174,current,"Blackwood, Wales", Wales
174,T.S.O.L.,T.S.O.L.,spotify:artist:4oPMm2idleIKLdBWgZilSi,45.0,86929.0,20.0,13.4,268.0,1981,2021-03-31,40.0,145412.8,39.0,47.0,0.3842,0.00376,0.8328,0.006138,0.3022,-6.1614,0.0756599999999999,120.7092,8.0,_glam_metal_bands_and_artists,175,current,"Long Beach, California, U.S.", U.S.
175,The Datsuns,The Datsuns,spotify:artist:2P6KPAphDMASmfHjnxSMmR,39.0,23892.0,20.0,8.9,178.0,2002-10-18,2021-05-28,19.0,187525.2,27.0,48.0,0.3396,0.0170606,0.9284,0.16399,0.3743199999999999,-4.8954,0.1158599999999999,139.421,21.0,_glam_metal_bands_and_artists,176,current,"Cambridge, New Zealand", New Zealand
176,Blackfoot,Blackfoot,spotify:artist:10rzK0sLCXsUlDhl8ed0MV,47.0,257513.0,20.0,15.1,302.0,1976,2021-10-15,45.0,284511.8,36.0,56.0,0.5553999999999999,0.2899,0.8315999999999999,0.0707279,0.1764399999999999,-7.6402,0.05832,126.54340000000002,20.0,_glam_metal_bands_and_artists,177,current,"Jacksonville, Florida, U.S.", U.S.
177,Lord Tracy,Lord Tracy,spotify:artist:7fallP8rIWflbvUDg9KRpP,4.0,819.0,4.0,17.25,69.0,2004-01-01,2008-09-18,4.0,284055.6,2.0,7.0,0.331,0.0033128,0.7878,0.00571406,0.7234,-10.3918,0.06716,134.20080000000002,5.0,_glam_metal_bands_and_artists,178,current,"Memphis, Tennessee, U.S.", U.S.
178,Sea Hags,Sea Hags,spotify:artist:06kI99VfdoW8sXLj53BKTm,9.0,1934.0,3.0,14.333333333333334,43.0,1989-01-01,2010-03-16,21.0,253722.6,6.0,15.0,0.4044,0.0027719999999999,0.904,0.000939134,0.1347999999999999,-10.6296,0.0438,130.5894,9.0,_glam_metal_bands_and_artists,179,past,"San Francisco, California, United States", U.S.
179,Towers of London,Towers Of London,spotify:artist:4ysxmzXBF2iVsmomiNjGgB,14.0,2955.0,7.0,9.428571428571429,66.0,2005-01-01,2015-11-27,10.0,210490.4,10.0,19.0,0.4556,0.0270961,0.869,0.0288968,0.2278,-4.7974,0.06438,114.4212,9.0,_glam_metal_bands_and_artists,180,current,"Buckinghamshire, England", England
180,Helix,Helix,spotify:artist:7JF6mRd5N8LzsKugg4rcSG,40.0,68503.0,20.0,16.15,323.0,1983,2021-11-19,38.0,185419.6,18.0,47.0,0.517,0.0405204,0.861,0.0050807199999999,0.29092,-5.2724,0.07148,124.1248,29.0,_glam_metal_bands_and_artists,181,current,"Kitchener, Ontario, Canada", Canada
181,Damn Yankees,Damn Yankees,spotify:artist:7ihLzUpuNecU5VBkvOUDNq,49.0,374899.0,20.0,31.8,636.0,1990,2021-10-29,31.0,294446.4,46.0,60.0,0.4091999999999999,0.0631698,0.7436,0.00187606,0.20844,-7.900000000000001,0.04152,103.443,14.0,_glam_metal_bands_and_artists,182,past,"Los Angeles, California, U.S.", U.S.
182,We Are Harlot,We Are Harlot,spotify:artist:2Gf3bDVBECfT7UCU3XcvlD,30.0,38000.0,20.0,47.5,950.0,2014-06-03,2021-09-17,7.0,211847.8,25.0,34.0,0.3972,0.00610914,0.9498,5.280000000000001e-07,0.19724,-1.7082000000000002,0.1049,145.81300000000002,9.0,_glam_metal_bands_and_artists,183,current,"Los Angeles, California, U.S.", U.S.
183,T-Ride,T-ride,spotify:artist:5Dg1pvwxAkw0KgcE0ZH6aV,8.0,836.0,1.0,11.0,11.0,1992,1992,0.0,184954.2,7.0,10.0,0.6004,0.0772866,0.8382,0.0531285,0.24306,-10.2944,0.05944,100.92,3.0,_glam_metal_bands_and_artists,184,past,"San Francisco, California, United States", U.S.
184,Dirty Penny,Dirty Penny,spotify:artist:24XnGHSZrrlu9XSUsLDOHV,15.0,6157.0,3.0,12.666666666666666,38.0,2007-01-01,2009-09-17,2.0,214914.4,10.0,21.0,0.5024000000000001,0.0084814,0.9376,0.013335794,0.1888,-4.2898000000000005,0.1437999999999999,113.779,11.0,_glam_metal_bands_and_artists,185,past,"Santa Cruz, California, United States", U.S.
185,White Tiger,White Tiger,spotify:artist:0oSr09eXn2ckSZMdk1NsgI,0.0,0.0,1.0,1.0,1.0,2021-01-01,2021-01-01,0.0,0.0,0.0,0.0,0.0,0.0,0.0,0.0,0.0,0.0,0.0,0.0,0.0,_glam_metal_bands_and_artists,186,current,California  United States,California  United States
186,Alice N' Chains,0,0,0.0,0.0,0.0,0.0,0.0,0,0,0.0,0.0,0.0,0.0,0.0,0.0,0.0,0.0,0.0,0.0,0.0,0.0,0.0,_glam_metal_bands_and_artists,187,past,"Seattle, Washington, U.S.", U.S.
187,SouthGang,999_SouthGang,spotify:artist:38JS61Jv6FM5efA6Os1HA2,15.0,17.0,1.0,1.0,1.0,2021-11-05,2021-11-05,0.0,150004.0,30.0,30.0,0.724,0.1,0.482,0.000183,0.101,-9.098,0.0441,144.021,0.0,_glam_metal_bands_and_artists,188,past,"Rome, Georgia", Georgia
188,Bad4Good,BadMoodRude,spotify:artist:2bmw2ynfQ7vvZlGMGILTf8,42.0,4567.0,20.0,1.2,24.0,2019-07-12,2021-12-02,2.0,148720.2,37.0,44.0,0.5732,0.5160199999999999,0.3774,0.0914085999999999,0.1146,-11.9026,0.05534,108.213,7.0,_glam_metal_bands_and_artists,189,past,United States,United States
189,Lynch Mob,Lynch Mob,spotify:artist:2K3xysAFpeFSH3DG0zIErf,38.0,102577.0,20.0,12.35,247.0,1990-10-09,2021-11-05,31.0,290861.0,30.0,46.0,0.5426,0.00111252,0.8298,5.9944e-05,0.16958,-5.5920000000000005,0.0378999999999999,114.3368,16.0,_glam_metal_bands_and_artists,190,current,"California, United States", U.S.
190,Diamond Nights,Diamond Nights,spotify:artist:7ftWZH8oilFDZlXiClxSaQ,15.0,1466.0,5.0,9.4,47.0,2005,2017-08-22,12.0,207866.2,3.0,18.0,0.6474,0.192196,0.7436,0.061372938,0.2133,-6.3908000000000005,0.11028,147.7372,15.0,_glam_metal_bands_and_artists,191,current,"New York City, New York", New York
191,Triumph,Triumph,spotify:artist:4YfnJEbTz8QLD5FusYFwV6,49.0,341214.0,20.0,9.95,199.0,1976-10-13,2021-10-21,45.0,306479.6,39.0,55.0,0.2465999999999999,0.0192759999999999,0.7804,4.363999999999999e-06,0.18312,-5.8672,0.0581999999999999,127.6676,16.0,_glam_metal_bands_and_artists,192,current,"Mississauga, Ontario, Canada", Canada
192,Ezo,EXO,spotify:artist:3cjEqqelV9zb4BYE3qDQ4O,74.0,8581482.0,20.0,16.2,324.0,2013-08-05,2021-06-07,8.0,192928.2,67.0,76.0,0.6798,0.0379,0.7656,9.62e-06,0.13434,-4.256,0.0751599999999999,140.99540000000002,9.0,_glam_metal_bands_and_artists,193,past,"Sapporo, Japan", Japan
193,Pretty Boy Floyd,Pretty Boy Floyd,spotify:artist:6wnbsasRwmhUld5BBDfbKa,26.0,50303.0,20.0,16.7,334.0,1989-01-01,2020-09-18,31.0,237783.8,8.0,29.0,0.3885999999999999,0.00384024,0.7988000000000001,3.7712e-05,0.1944,-10.0124,0.05636,150.98399999999998,21.0,_glam_metal_bands_and_artists,194,current,"Hollywood, California, United States", U.S.
194,Tora Tora,Tora Tora,spotify:artist:7MxRSOIsrKKrMc7pAzKlqs,26.0,29498.0,13.0,7.3076923076923075,95.0,1989-01-01,2021-09-03,32.0,268217.0,23.0,27.0,0.4566,0.017550022,0.6618,0.1198771999999999,0.1476799999999999,-10.7684,0.0434,130.4176,4.0,_glam_metal_bands_and_artists,195,current,"Memphis, Tennessee, United States", U.S.
195,W.A.S.P.,W.A.S.P.,spotify:artist:3BVkDHWRvLJEyKdvhLbjsq,58.0,697911.0,20.0,10.95,219.0,2002-06-10,2020-02-04,18.0,284151.8,34.0,62.0,0.2868,0.01604274,0.7918000000000001,0.025620244,0.2401199999999999,-7.088600000000001,0.0638,125.833,28.0,_glam_metal_bands_and_artists,196,current,"Los Angeles, California, U.S.", U.S.
196,Zebra,Zebra,spotify:artist:7zqcfb4TTNkL5lGflupEdf,3.0,6.0,8.0,2.0,16.0,2009-09-01,2013-11-14,4.0,221808.4,0.0,10.0,0.5338,0.20688,0.7218,0.0403418,0.1788,-5.949,0.04126,115.276,10.0,_glam_metal_bands_and_artists,197,current,"New Orleans, Louisiana, United States", U.S.
197,Nelson,Nelson,spotify:artist:5jJcbGPjjyEhAoU02ynHaA,41.0,62830.0,20.0,10.5,210.0,1990-06-26,2020-04-18,30.0,234146.6,30.0,51.0,0.49,0.154028,0.704,3.444e-05,0.1367,-7.682999999999998,0.0459399999999999,137.555,21.0,_glam_metal_bands_and_artists,198,current,"Santa Monica, California, U.S.", U.S.
198,Sleze,Sleep Fruits Music,spotify:artist:4XbcXL8SaLFZ30wfRM5tbB,90.0,48475.0,20.0,174.35,3487.0,2021-07-30,2021-11-26,0.0,31000.0,61.0,65.0,0.207,0.4644179999999999,0.796422,0.7098,0.5390400000000001,-26.9154,0.10018,106.72240000000002,4.0,_glam_metal_bands_and_artists,199,past,"Seattle, Washington, U.S.", U.S.
