,member,attr_x,band,sections,years active,breakups,origin_x,member years active,genre,band_no_parantheses,Group_name_(wiki),Group_name_(spoti),Spotify_id,Group_popularity,Group_followers,count_albums,mean_tracks_per_album,total_tracks,earliest_release_date,latest_release_date,longevity,mean_song_length,min_song_popularity,max_song_popularity,mean_song_danceability,mean_song_acousticness,mean_song_energy,mean_song_instrumentalness,mean_song_liveness,mean_song_loudness,mean_song_speechiness,mean_song_tempo,unwanted_member,clean_genre,band_number,attr_y,origin_y,origin_clean
0,Brandon Kellum,current,American Standards,8,['2011-present'],0.0,"Phoenix, Arizona, US",0,_mathcore_bands,American Standards,American Standards,American Standards,spotify:artist:6umD0mkxpmhNFEn5AgPAhp,5.0,1568.0,20.0,3.85,77.0,2019-10-19,2021-12-03,2.0,186436.2,2.0,8.0,0.2566,0.0004419599999999,0.9626,0.036456,0.4133999999999999,-4.2394,0.2042,155.30800000000002,False,_mathcore_bands,1,current,"Phoenix, Arizona, US", US
1,Corey Skowronski,current,American Standards,8,['2011-present'],0.0,"Phoenix, Arizona, US",0,_mathcore_bands,American Standards,American Standards,American Standards,spotify:artist:6umD0mkxpmhNFEn5AgPAhp,5.0,1568.0,20.0,3.85,77.0,2019-10-19,2021-12-03,2.0,186436.2,2.0,8.0,0.2566,0.0004419599999999,0.9626,0.036456,0.4133999999999999,-4.2394,0.2042,155.30800000000002,False,_mathcore_bands,2,current,"Phoenix, Arizona, US", US
2,Steven Mandell,current,American Standards,8,['2011-present'],0.0,"Phoenix, Arizona, US",0,_mathcore_bands,American Standards,American Standards,American Standards,spotify:artist:6umD0mkxpmhNFEn5AgPAhp,5.0,1568.0,20.0,3.85,77.0,2019-10-19,2021-12-03,2.0,186436.2,2.0,8.0,0.2566,0.0004419599999999,0.9626,0.036456,0.4133999999999999,-4.2394,0.2042,155.30800000000002,False,_mathcore_bands,3,current,"Phoenix, Arizona, US", US
3,Mitch Hosier,current,American Standards,8,['2011-present'],0.0,"Phoenix, Arizona, US",0,_mathcore_bands,American Standards,American Standards,American Standards,spotify:artist:6umD0mkxpmhNFEn5AgPAhp,5.0,1568.0,20.0,3.85,77.0,2019-10-19,2021-12-03,2.0,186436.2,2.0,8.0,0.2566,0.0004419599999999,0.9626,0.036456,0.4133999999999999,-4.2394,0.2042,155.30800000000002,False,_mathcore_bands,4,current,"Phoenix, Arizona, US", US
4,Brennen Westermeyer,past,American Standards,8,['2011-present'],0.0,"Phoenix, Arizona, US",0,_mathcore_bands,American Standards,American Standards,American Standards,spotify:artist:6umD0mkxpmhNFEn5AgPAhp,5.0,1568.0,20.0,3.85,77.0,2019-10-19,2021-12-03,2.0,186436.2,2.0,8.0,0.2566,0.0004419599999999,0.9626,0.036456,0.4133999999999999,-4.2394,0.2042,155.30800000000002,False,_mathcore_bands,5,current,"Phoenix, Arizona, US", US
5,Geoff Gittleson,past,American Standards,8,['2011-present'],0.0,"Phoenix, Arizona, US",0,_mathcore_bands,American Standards,American Standards,American Standards,spotify:artist:6umD0mkxpmhNFEn5AgPAhp,5.0,1568.0,20.0,3.85,77.0,2019-10-19,2021-12-03,2.0,186436.2,2.0,8.0,0.2566,0.0004419599999999,0.9626,0.036456,0.4133999999999999,-4.2394,0.2042,155.30800000000002,False,_mathcore_bands,6,current,"Phoenix, Arizona, US", US
6,Cody Conrad,past,American Standards,8,['2011-present'],0.0,"Phoenix, Arizona, US",0,_mathcore_bands,American Standards,American Standards,American Standards,spotify:artist:6umD0mkxpmhNFEn5AgPAhp,5.0,1568.0,20.0,3.85,77.0,2019-10-19,2021-12-03,2.0,186436.2,2.0,8.0,0.2566,0.0004419599999999,0.9626,0.036456,0.4133999999999999,-4.2394,0.2042,155.30800000000002,False,_mathcore_bands,7,current,"Phoenix, Arizona, US", US
7,Mike Cook,past,American Standards,8,['2011-present'],0.0,"Phoenix, Arizona, US",0,_mathcore_bands,American Standards,American Standards,American Standards,spotify:artist:6umD0mkxpmhNFEn5AgPAhp,5.0,1568.0,20.0,3.85,77.0,2019-10-19,2021-12-03,2.0,186436.2,2.0,8.0,0.2566,0.0004419599999999,0.9626,0.036456,0.4133999999999999,-4.2394,0.2042,155.30800000000002,False,_mathcore_bands,8,current,"Phoenix, Arizona, US", US
8,Ilkka Volume,current,Benea Reach,7,['2003-2014'],0.0,"Oslo, Norway",0,_mathcore_bands,Benea Reach,Benea Reach,Benea Reach,spotify:artist:7iWOfrp1tJGKEpj9HOH0H7,11.0,4371.0,20.0,3.85,77.0,2019-10-19,2021-12-03,2.0,239124.8,7.0,13.0,0.3826,1.8754e-05,0.9088,0.3479953999999999,0.2758,-5.1392,0.08028,113.0818,False,_mathcore_bands,9,current,"Oslo, Norway", Norway
9,Mikael Wildén,current,Benea Reach,7,['2003-2014'],0.0,"Oslo, Norway",0,_mathcore_bands,Benea Reach,Benea Reach,Benea Reach,spotify:artist:7iWOfrp1tJGKEpj9HOH0H7,11.0,4371.0,20.0,3.85,77.0,2019-10-19,2021-12-03,2.0,239124.8,7.0,13.0,0.3826,1.8754e-05,0.9088,0.3479953999999999,0.2758,-5.1392,0.08028,113.0818,False,_mathcore_bands,10,current,"Oslo, Norway", Norway
10,Martin Sivertsen,current,Benea Reach,7,['2003-2014'],0.0,"Oslo, Norway",0,_mathcore_bands,Benea Reach,Benea Reach,Benea Reach,spotify:artist:7iWOfrp1tJGKEpj9HOH0H7,11.0,4371.0,20.0,3.85,77.0,2019-10-19,2021-12-03,2.0,239124.8,7.0,13.0,0.3826,1.8754e-05,0.9088,0.3479953999999999,0.2758,-5.1392,0.08028,113.0818,False,_mathcore_bands,11,current,"Oslo, Norway", Norway
11,Andreas Berglihn,current,Benea Reach,7,['2003-2014'],0.0,"Oslo, Norway",0,_mathcore_bands,Benea Reach,Benea Reach,Benea Reach,spotify:artist:7iWOfrp1tJGKEpj9HOH0H7,11.0,4371.0,20.0,3.85,77.0,2019-10-19,2021-12-03,2.0,239124.8,7.0,13.0,0.3826,1.8754e-05,0.9088,0.3479953999999999,0.2758,-5.1392,0.08028,113.0818,False,_mathcore_bands,12,current,"Oslo, Norway", Norway
12,Marco Storm,current,Benea Reach,7,['2003-2014'],0.0,"Oslo, Norway",0,_mathcore_bands,Benea Reach,Benea Reach,Benea Reach,spotify:artist:7iWOfrp1tJGKEpj9HOH0H7,11.0,4371.0,20.0,3.85,77.0,2019-10-19,2021-12-03,2.0,239124.8,7.0,13.0,0.3826,1.8754e-05,0.9088,0.3479953999999999,0.2758,-5.1392,0.08028,113.0818,False,_mathcore_bands,13,current,"Oslo, Norway", Norway
13,Thomas Wang,current,Benea Reach,7,['2003-2014'],0.0,"Oslo, Norway",0,_mathcore_bands,Benea Reach,Benea Reach,Benea Reach,spotify:artist:7iWOfrp1tJGKEpj9HOH0H7,11.0,4371.0,20.0,3.85,77.0,2019-10-19,2021-12-03,2.0,239124.8,7.0,13.0,0.3826,1.8754e-05,0.9088,0.3479953999999999,0.2758,-5.1392,0.08028,113.0818,False,_mathcore_bands,14,current,"Oslo, Norway", Norway
14,Christer Espevoll,past,Benea Reach,7,['2003-2014'],0.0,"Oslo, Norway",0,_mathcore_bands,Benea Reach,Benea Reach,Benea Reach,spotify:artist:7iWOfrp1tJGKEpj9HOH0H7,11.0,4371.0,20.0,3.85,77.0,2019-10-19,2021-12-03,2.0,239124.8,7.0,13.0,0.3826,1.8754e-05,0.9088,0.3479953999999999,0.2758,-5.1392,0.08028,113.0818,False,_mathcore_bands,15,current,"Oslo, Norway", Norway
15,Håkon Nakken,past,Benea Reach,7,['2003-2014'],0.0,"Oslo, Norway",0,_mathcore_bands,Benea Reach,Benea Reach,Benea Reach,spotify:artist:7iWOfrp1tJGKEpj9HOH0H7,11.0,4371.0,20.0,3.85,77.0,2019-10-19,2021-12-03,2.0,239124.8,7.0,13.0,0.3826,1.8754e-05,0.9088,0.3479953999999999,0.2758,-5.1392,0.08028,113.0818,False,_mathcore_bands,16,current,"Oslo, Norway", Norway
16,Tor Magne Glidje,past,Benea Reach,7,['2003-2014'],0.0,"Oslo, Norway",0,_mathcore_bands,Benea Reach,Benea Reach,Benea Reach,spotify:artist:7iWOfrp1tJGKEpj9HOH0H7,11.0,4371.0,20.0,3.85,77.0,2019-10-19,2021-12-03,2.0,239124.8,7.0,13.0,0.3826,1.8754e-05,0.9088,0.3479953999999999,0.2758,-5.1392,0.08028,113.0818,False,_mathcore_bands,17,current,"Oslo, Norway", Norway
17,Anders Lidal,past,Benea Reach,7,['2003-2014'],0.0,"Oslo, Norway",0,_mathcore_bands,Benea Reach,Benea Reach,Benea Reach,spotify:artist:7iWOfrp1tJGKEpj9HOH0H7,11.0,4371.0,20.0,3.85,77.0,2019-10-19,2021-12-03,2.0,239124.8,7.0,13.0,0.3826,1.8754e-05,0.9088,0.3479953999999999,0.2758,-5.1392,0.08028,113.0818,False,_mathcore_bands,18,current,"Oslo, Norway", Norway
18,Tor Erik Drangsland,past,Benea Reach,7,['2003-2014'],0.0,"Oslo, Norway",0,_mathcore_bands,Benea Reach,Benea Reach,Benea Reach,spotify:artist:7iWOfrp1tJGKEpj9HOH0H7,11.0,4371.0,20.0,3.85,77.0,2019-10-19,2021-12-03,2.0,239124.8,7.0,13.0,0.3826,1.8754e-05,0.9088,0.3479953999999999,0.2758,-5.1392,0.08028,113.0818,False,_mathcore_bands,19,current,"Oslo, Norway", Norway
19,Morten Holmquist,past,Benea Reach,7,['2003-2014'],0.0,"Oslo, Norway",0,_mathcore_bands,Benea Reach,Benea Reach,Benea Reach,spotify:artist:7iWOfrp1tJGKEpj9HOH0H7,11.0,4371.0,20.0,3.85,77.0,2019-10-19,2021-12-03,2.0,239124.8,7.0,13.0,0.3826,1.8754e-05,0.9088,0.3479953999999999,0.2758,-5.1392,0.08028,113.0818,False,_mathcore_bands,20,current,"Oslo, Norway", Norway
20,Håkon Sagen,past,Benea Reach,7,['2003-2014'],0.0,"Oslo, Norway",0,_mathcore_bands,Benea Reach,Benea Reach,Benea Reach,spotify:artist:7iWOfrp1tJGKEpj9HOH0H7,11.0,4371.0,20.0,3.85,77.0,2019-10-19,2021-12-03,2.0,239124.8,7.0,13.0,0.3826,1.8754e-05,0.9088,0.3479953999999999,0.2758,-5.1392,0.08028,113.0818,False,_mathcore_bands,21,current,"Oslo, Norway", Norway
21,Alwin Nedrum,past,Benea Reach,7,['2003-2014'],0.0,"Oslo, Norway",0,_mathcore_bands,Benea Reach,Benea Reach,Benea Reach,spotify:artist:7iWOfrp1tJGKEpj9HOH0H7,11.0,4371.0,20.0,3.85,77.0,2019-10-19,2021-12-03,2.0,239124.8,7.0,13.0,0.3826,1.8754e-05,0.9088,0.3479953999999999,0.2758,-5.1392,0.08028,113.0818,False,_mathcore_bands,22,current,"Oslo, Norway", Norway
22,Howard Jones,past,Blood Has Been Shed,7,['1997-2005'],0.0,"Granby, Connecticut, U.S.",0,_mathcore_bands,Blood Has Been Shed,Blood Has Been Shed,Blood Has Been Shed,spotify:artist:3LVrIpoI33HLOMcQlxmIs5,16.0,8744.0,20.0,3.85,77.0,2019-10-19,2021-12-03,2.0,171957.2,10.0,21.0,0.291,8.732e-05,0.9382,0.032808322,0.2613999999999999,-4.0308,0.09694,115.1474,False,_mathcore_bands,23,past,"Granby, Connecticut, U.S.", U.S.
23,Corey Unger,past,Blood Has Been Shed,7,['1997-2005'],0.0,"Granby, Connecticut, U.S.",0,_mathcore_bands,Blood Has Been Shed,Blood Has Been Shed,Blood Has Been Shed,spotify:artist:3LVrIpoI33HLOMcQlxmIs5,16.0,8744.0,20.0,3.85,77.0,2019-10-19,2021-12-03,2.0,171957.2,10.0,21.0,0.291,8.732e-05,0.9382,0.032808322,0.2613999999999999,-4.0308,0.09694,115.1474,False,_mathcore_bands,24,past,"Granby, Connecticut, U.S.", U.S.
24,John Lynch,past,Blood Has Been Shed,7,['1997-2005'],0.0,"Granby, Connecticut, U.S.",0,_mathcore_bands,Blood Has Been Shed,Blood Has Been Shed,Blood Has Been Shed,spotify:artist:3LVrIpoI33HLOMcQlxmIs5,16.0,8744.0,20.0,3.85,77.0,2019-10-19,2021-12-03,2.0,171957.2,10.0,21.0,0.291,8.732e-05,0.9382,0.032808322,0.2613999999999999,-4.0308,0.09694,115.1474,False,_mathcore_bands,25,past,"Granby, Connecticut, U.S.", U.S.
25,Justin Foley,past,Blood Has Been Shed,7,['1997-2005'],0.0,"Granby, Connecticut, U.S.",0,_mathcore_bands,Blood Has Been Shed,Blood Has Been Shed,Blood Has Been Shed,spotify:artist:3LVrIpoI33HLOMcQlxmIs5,16.0,8744.0,20.0,3.85,77.0,2019-10-19,2021-12-03,2.0,171957.2,10.0,21.0,0.291,8.732e-05,0.9382,0.032808322,0.2613999999999999,-4.0308,0.09694,115.1474,False,_mathcore_bands,26,past,"Granby, Connecticut, U.S.", U.S.
26,Brian Cook,past,Botch (band),11,"['1993', '1993', '2002', '2002']",3.0,"Tacoma, Washington, U.S.",0,_mathcore_bands,Botch,Botch,Botch,spotify:artist:4kRYDoAbgDL7nqeqZhJlA3,33.0,35867.0,20.0,3.85,77.0,2019-10-19,2021-12-03,2.0,286399.8,27.0,36.0,0.3183999999999999,0.1546441,0.7814,0.8554,0.2764,-5.749,0.10486,127.8776,False,_mathcore_bands,27,past,"Tacoma, Washington, U.S.", U.S.
27,Dave Knudson,past,Botch (band),11,"['1993', '1993', '2002', '2002']",3.0,"Tacoma, Washington, U.S.",0,_mathcore_bands,Botch,Botch,Botch,spotify:artist:4kRYDoAbgDL7nqeqZhJlA3,33.0,35867.0,20.0,3.85,77.0,2019-10-19,2021-12-03,2.0,286399.8,27.0,36.0,0.3183999999999999,0.1546441,0.7814,0.8554,0.2764,-5.749,0.10486,127.8776,False,_mathcore_bands,28,past,"Tacoma, Washington, U.S.", U.S.
28,Tim Latona,past,Botch (band),11,"['1993', '1993', '2002', '2002']",3.0,"Tacoma, Washington, U.S.",0,_mathcore_bands,Botch,Botch,Botch,spotify:artist:4kRYDoAbgDL7nqeqZhJlA3,33.0,35867.0,20.0,3.85,77.0,2019-10-19,2021-12-03,2.0,286399.8,27.0,36.0,0.3183999999999999,0.1546441,0.7814,0.8554,0.2764,-5.749,0.10486,127.8776,False,_mathcore_bands,29,past,"Tacoma, Washington, U.S.", U.S.
29,Dave Verellen,past,Botch (band),11,"['1993', '1993', '2002', '2002']",3.0,"Tacoma, Washington, U.S.",0,_mathcore_bands,Botch,Botch,Botch,spotify:artist:4kRYDoAbgDL7nqeqZhJlA3,33.0,35867.0,20.0,3.85,77.0,2019-10-19,2021-12-03,2.0,286399.8,27.0,36.0,0.3183999999999999,0.1546441,0.7814,0.8554,0.2764,-5.749,0.10486,127.8776,False,_mathcore_bands,30,past,"Tacoma, Washington, U.S.", U.S.
30,Michael Dafferner,current,Car Bomb (band),8,['2000-present'],0.0,"Long Island, New York,United States",0,_mathcore_bands,Car Bomb,Car Bomb,Car Bomb,spotify:artist:5r1fQsxkiQl0VwUlERnDBP,35.0,45851.0,20.0,3.85,77.0,2019-10-19,2021-12-03,2.0,247908.0,29.0,37.0,0.297,0.0003696,0.924,0.3014599999999999,0.221,-5.017799999999999,0.10096,89.639,False,_mathcore_bands,31,current,"Long Island, New York,United States",United States
31,Elliot Hoffman,current,Car Bomb (band),8,['2000-present'],0.0,"Long Island, New York,United States",0,_mathcore_bands,Car Bomb,Car Bomb,Car Bomb,spotify:artist:5r1fQsxkiQl0VwUlERnDBP,35.0,45851.0,20.0,3.85,77.0,2019-10-19,2021-12-03,2.0,247908.0,29.0,37.0,0.297,0.0003696,0.924,0.3014599999999999,0.221,-5.017799999999999,0.10096,89.639,False,_mathcore_bands,32,current,"Long Island, New York,United States",United States
32,Greg Kubacki,current,Car Bomb (band),8,['2000-present'],0.0,"Long Island, New York,United States",0,_mathcore_bands,Car Bomb,Car Bomb,Car Bomb,spotify:artist:5r1fQsxkiQl0VwUlERnDBP,35.0,45851.0,20.0,3.85,77.0,2019-10-19,2021-12-03,2.0,247908.0,29.0,37.0,0.297,0.0003696,0.924,0.3014599999999999,0.221,-5.017799999999999,0.10096,89.639,False,_mathcore_bands,33,current,"Long Island, New York,United States",United States
33,Jon Modell,current,Car Bomb (band),8,['2000-present'],0.0,"Long Island, New York,United States",0,_mathcore_bands,Car Bomb,Car Bomb,Car Bomb,spotify:artist:5r1fQsxkiQl0VwUlERnDBP,35.0,45851.0,20.0,3.85,77.0,2019-10-19,2021-12-03,2.0,247908.0,29.0,37.0,0.297,0.0003696,0.924,0.3014599999999999,0.221,-5.017799999999999,0.10096,89.639,False,_mathcore_bands,34,current,"Long Island, New York,United States",United States
34,Josh Scogin,past,The Chariot (band),11,['2003-2013'],0.0,"Douglasville, Georgia, U.S.",0,_mathcore_bands,The Chariot,The Chariot,The Chariot,spotify:artist:3JEDaDPsOev2axi1kVvnb3,34.0,62488.0,20.0,3.85,77.0,2019-10-19,2021-12-03,2.0,216877.0,27.0,34.0,0.253,0.0976169999999999,0.912,0.001002914,0.2096,-4.522799999999999,0.12982,109.9338,False,_mathcore_bands,35,past,"Douglasville, Georgia, U.S.", U.S.
35,David Kennedy,past,The Chariot (band),11,['2003-2013'],0.0,"Douglasville, Georgia, U.S.",0,_mathcore_bands,The Chariot,The Chariot,The Chariot,spotify:artist:3JEDaDPsOev2axi1kVvnb3,34.0,62488.0,20.0,3.85,77.0,2019-10-19,2021-12-03,2.0,216877.0,27.0,34.0,0.253,0.0976169999999999,0.912,0.001002914,0.2096,-4.522799999999999,0.12982,109.9338,False,_mathcore_bands,36,past,"Douglasville, Georgia, U.S.", U.S.
36,Stephen Harrison,past,The Chariot (band),11,['2003-2013'],0.0,"Douglasville, Georgia, U.S.",0,_mathcore_bands,The Chariot,The Chariot,The Chariot,spotify:artist:3JEDaDPsOev2axi1kVvnb3,34.0,62488.0,20.0,3.85,77.0,2019-10-19,2021-12-03,2.0,216877.0,27.0,34.0,0.253,0.0976169999999999,0.912,0.001002914,0.2096,-4.522799999999999,0.12982,109.9338,False,_mathcore_bands,37,past,"Douglasville, Georgia, U.S.", U.S.
37,Brandon Henderson,past,The Chariot (band),11,['2003-2013'],0.0,"Douglasville, Georgia, U.S.",0,_mathcore_bands,The Chariot,The Chariot,The Chariot,spotify:artist:3JEDaDPsOev2axi1kVvnb3,34.0,62488.0,20.0,3.85,77.0,2019-10-19,2021-12-03,2.0,216877.0,27.0,34.0,0.253,0.0976169999999999,0.912,0.001002914,0.2096,-4.522799999999999,0.12982,109.9338,False,_mathcore_bands,38,past,"Douglasville, Georgia, U.S.", U.S.
38,"Jon ""KC Wolf"" Kindler",past,The Chariot (band),11,['2003-2013'],0.0,"Douglasville, Georgia, U.S.",0,_mathcore_bands,The Chariot,The Chariot,The Chariot,spotify:artist:3JEDaDPsOev2axi1kVvnb3,34.0,62488.0,20.0,3.85,77.0,2019-10-19,2021-12-03,2.0,216877.0,27.0,34.0,0.253,0.0976169999999999,0.912,0.001002914,0.2096,-4.522799999999999,0.12982,109.9338,False,_mathcore_bands,39,past,"Douglasville, Georgia, U.S.", U.S.
39,Jon Terry,past,The Chariot (band),11,['2003-2013'],0.0,"Douglasville, Georgia, U.S.",0,_mathcore_bands,The Chariot,The Chariot,The Chariot,spotify:artist:3JEDaDPsOev2axi1kVvnb3,34.0,62488.0,20.0,3.85,77.0,2019-10-19,2021-12-03,2.0,216877.0,27.0,34.0,0.253,0.0976169999999999,0.912,0.001002914,0.2096,-4.522799999999999,0.12982,109.9338,False,_mathcore_bands,40,past,"Douglasville, Georgia, U.S.", U.S.
40,Bryan Russel Taylor,past,The Chariot (band),11,['2003-2013'],0.0,"Douglasville, Georgia, U.S.",0,_mathcore_bands,The Chariot,The Chariot,The Chariot,spotify:artist:3JEDaDPsOev2axi1kVvnb3,34.0,62488.0,20.0,3.85,77.0,2019-10-19,2021-12-03,2.0,216877.0,27.0,34.0,0.253,0.0976169999999999,0.912,0.001002914,0.2096,-4.522799999999999,0.12982,109.9338,False,_mathcore_bands,41,past,"Douglasville, Georgia, U.S.", U.S.
41,Dan Vokey,past,The Chariot (band),11,['2003-2013'],0.0,"Douglasville, Georgia, U.S.",0,_mathcore_bands,The Chariot,The Chariot,The Chariot,spotify:artist:3JEDaDPsOev2axi1kVvnb3,34.0,62488.0,20.0,3.85,77.0,2019-10-19,2021-12-03,2.0,216877.0,27.0,34.0,0.253,0.0976169999999999,0.912,0.001002914,0.2096,-4.522799999999999,0.12982,109.9338,False,_mathcore_bands,42,past,"Douglasville, Georgia, U.S.", U.S.
42,Dan Eaton,past,The Chariot (band),11,['2003-2013'],0.0,"Douglasville, Georgia, U.S.",0,_mathcore_bands,The Chariot,The Chariot,The Chariot,spotify:artist:3JEDaDPsOev2axi1kVvnb3,34.0,62488.0,20.0,3.85,77.0,2019-10-19,2021-12-03,2.0,216877.0,27.0,34.0,0.253,0.0976169999999999,0.912,0.001002914,0.2096,-4.522799999999999,0.12982,109.9338,False,_mathcore_bands,43,past,"Douglasville, Georgia, U.S.", U.S.
43,Jake Ryan,past,The Chariot (band),11,['2003-2013'],0.0,"Douglasville, Georgia, U.S.",0,_mathcore_bands,The Chariot,The Chariot,The Chariot,spotify:artist:3JEDaDPsOev2axi1kVvnb3,34.0,62488.0,20.0,3.85,77.0,2019-10-19,2021-12-03,2.0,216877.0,27.0,34.0,0.253,0.0976169999999999,0.912,0.001002914,0.2096,-4.522799999999999,0.12982,109.9338,False,_mathcore_bands,44,past,"Douglasville, Georgia, U.S.", U.S.
44,Joshua Beiser,past,The Chariot (band),11,['2003-2013'],0.0,"Douglasville, Georgia, U.S.",0,_mathcore_bands,The Chariot,The Chariot,The Chariot,spotify:artist:3JEDaDPsOev2axi1kVvnb3,34.0,62488.0,20.0,3.85,77.0,2019-10-19,2021-12-03,2.0,216877.0,27.0,34.0,0.253,0.0976169999999999,0.912,0.001002914,0.2096,-4.522799999999999,0.12982,109.9338,False,_mathcore_bands,45,past,"Douglasville, Georgia, U.S.", U.S.
45,Keller Harbin,past,The Chariot (band),11,['2003-2013'],0.0,"Douglasville, Georgia, U.S.",0,_mathcore_bands,The Chariot,The Chariot,The Chariot,spotify:artist:3JEDaDPsOev2axi1kVvnb3,34.0,62488.0,20.0,3.85,77.0,2019-10-19,2021-12-03,2.0,216877.0,27.0,34.0,0.253,0.0976169999999999,0.912,0.001002914,0.2096,-4.522799999999999,0.12982,109.9338,False,_mathcore_bands,46,past,"Douglasville, Georgia, U.S.", U.S.
46,Jeff Carter,past,The Chariot (band),11,['2003-2013'],0.0,"Douglasville, Georgia, U.S.",0,_mathcore_bands,The Chariot,The Chariot,The Chariot,spotify:artist:3JEDaDPsOev2axi1kVvnb3,34.0,62488.0,20.0,3.85,77.0,2019-10-19,2021-12-03,2.0,216877.0,27.0,34.0,0.253,0.0976169999999999,0.912,0.001002914,0.2096,-4.522799999999999,0.12982,109.9338,False,_mathcore_bands,47,past,"Douglasville, Georgia, U.S.", U.S.
47,Tony Medina,past,The Chariot (band),11,['2003-2013'],0.0,"Douglasville, Georgia, U.S.",0,_mathcore_bands,The Chariot,The Chariot,The Chariot,spotify:artist:3JEDaDPsOev2axi1kVvnb3,34.0,62488.0,20.0,3.85,77.0,2019-10-19,2021-12-03,2.0,216877.0,27.0,34.0,0.253,0.0976169999999999,0.912,0.001002914,0.2096,-4.522799999999999,0.12982,109.9338,False,_mathcore_bands,48,past,"Douglasville, Georgia, U.S.", U.S.
48,Landon Greene,past,The Chariot (band),11,['2003-2013'],0.0,"Douglasville, Georgia, U.S.",0,_mathcore_bands,The Chariot,The Chariot,The Chariot,spotify:artist:3JEDaDPsOev2axi1kVvnb3,34.0,62488.0,20.0,3.85,77.0,2019-10-19,2021-12-03,2.0,216877.0,27.0,34.0,0.253,0.0976169999999999,0.912,0.001002914,0.2096,-4.522799999999999,0.12982,109.9338,False,_mathcore_bands,49,past,"Douglasville, Georgia, U.S.", U.S.
49,Sean Ingram,current,Coalesce (band),11,"['1994-1999', '2002', '2005-2010', '2011', '2012']",4.0,"Kansas City, Missouri, U.S.",0,_mathcore_bands,Coalesce,Coalesce,Coalesce,spotify:artist:2T8rmKa2k1uot2okGULagY,21.0,15945.0,20.0,3.85,77.0,2019-10-19,2021-12-03,2.0,197807.6,13.0,24.0,0.4185999999999999,0.0535200599999999,0.8618,0.6801200000000001,0.4226,-6.088,0.11442,116.2608,False,_mathcore_bands,50,current,"Kansas City, Missouri, U.S.", U.S.
50,Jes Steineger,current,Coalesce (band),11,"['1994-1999', '2002', '2005-2010', '2011', '2012']",4.0,"Kansas City, Missouri, U.S.",0,_mathcore_bands,Coalesce,Coalesce,Coalesce,spotify:artist:2T8rmKa2k1uot2okGULagY,21.0,15945.0,20.0,3.85,77.0,2019-10-19,2021-12-03,2.0,197807.6,13.0,24.0,0.4185999999999999,0.0535200599999999,0.8618,0.6801200000000001,0.4226,-6.088,0.11442,116.2608,False,_mathcore_bands,51,current,"Kansas City, Missouri, U.S.", U.S.
51,Nathan Ellis,current,Coalesce (band),11,"['1994-1999', '2002', '2005-2010', '2011', '2012']",4.0,"Kansas City, Missouri, U.S.",0,_mathcore_bands,Coalesce,Coalesce,Coalesce,spotify:artist:2T8rmKa2k1uot2okGULagY,21.0,15945.0,20.0,3.85,77.0,2019-10-19,2021-12-03,2.0,197807.6,13.0,24.0,0.4185999999999999,0.0535200599999999,0.8618,0.6801200000000001,0.4226,-6.088,0.11442,116.2608,False,_mathcore_bands,52,current,"Kansas City, Missouri, U.S.", U.S.
52,Nathan Richardson,current,Coalesce (band),11,"['1994-1999', '2002', '2005-2010', '2011', '2012']",4.0,"Kansas City, Missouri, U.S.",0,_mathcore_bands,Coalesce,Coalesce,Coalesce,spotify:artist:2T8rmKa2k1uot2okGULagY,21.0,15945.0,20.0,3.85,77.0,2019-10-19,2021-12-03,2.0,197807.6,13.0,24.0,0.4185999999999999,0.0535200599999999,0.8618,0.6801200000000001,0.4226,-6.088,0.11442,116.2608,False,_mathcore_bands,53,current,"Kansas City, Missouri, U.S.", U.S.
53,Jim Redd,past,Coalesce (band),11,"['1994-1999', '2002', '2005-2010', '2011', '2012']",4.0,"Kansas City, Missouri, U.S.",0,_mathcore_bands,Coalesce,Coalesce,Coalesce,spotify:artist:2T8rmKa2k1uot2okGULagY,21.0,15945.0,20.0,3.85,77.0,2019-10-19,2021-12-03,2.0,197807.6,13.0,24.0,0.4185999999999999,0.0535200599999999,0.8618,0.6801200000000001,0.4226,-6.088,0.11442,116.2608,False,_mathcore_bands,54,current,"Kansas City, Missouri, U.S.", U.S.
54,Stacy Hilt,past,Coalesce (band),11,"['1994-1999', '2002', '2005-2010', '2011', '2012']",4.0,"Kansas City, Missouri, U.S.",0,_mathcore_bands,Coalesce,Coalesce,Coalesce,spotify:artist:2T8rmKa2k1uot2okGULagY,21.0,15945.0,20.0,3.85,77.0,2019-10-19,2021-12-03,2.0,197807.6,13.0,24.0,0.4185999999999999,0.0535200599999999,0.8618,0.6801200000000001,0.4226,-6.088,0.11442,116.2608,False,_mathcore_bands,55,current,"Kansas City, Missouri, U.S.", U.S.
55,James Dewees,past,Coalesce (band),11,"['1994-1999', '2002', '2005-2010', '2011', '2012']",4.0,"Kansas City, Missouri, U.S.",0,_mathcore_bands,Coalesce,Coalesce,Coalesce,spotify:artist:2T8rmKa2k1uot2okGULagY,21.0,15945.0,20.0,3.85,77.0,2019-10-19,2021-12-03,2.0,197807.6,13.0,24.0,0.4185999999999999,0.0535200599999999,0.8618,0.6801200000000001,0.4226,-6.088,0.11442,116.2608,False,_mathcore_bands,56,current,"Kansas City, Missouri, U.S.", U.S.
56,Cory White,past,Coalesce (band),11,"['1994-1999', '2002', '2005-2010', '2011', '2012']",4.0,"Kansas City, Missouri, U.S.",0,_mathcore_bands,Coalesce,Coalesce,Coalesce,spotify:artist:2T8rmKa2k1uot2okGULagY,21.0,15945.0,20.0,3.85,77.0,2019-10-19,2021-12-03,2.0,197807.6,13.0,24.0,0.4185999999999999,0.0535200599999999,0.8618,0.6801200000000001,0.4226,-6.088,0.11442,116.2608,False,_mathcore_bands,57,current,"Kansas City, Missouri, U.S.", U.S.
57,Jacob Bannon,current,Converge (band),10,['1990-present'],0.0,"Salem, Massachusetts, U.S.",0,_mathcore_bands,Converge,Converge,Converge,spotify:artist:7kHzfxMLtVHHb523s43rY1,53.0,165994.0,20.0,3.85,77.0,2019-10-19,2021-12-03,2.0,329533.0,46.0,49.0,0.2686,0.004116988,0.6606,0.18155,0.2744,-6.524800000000001,0.0611199999999999,133.06480000000002,False,_mathcore_bands,58,current,"Salem, Massachusetts, U.S.", U.S.
58,Kurt Ballou,current,Converge (band),10,['1990-present'],0.0,"Salem, Massachusetts, U.S.",0,_mathcore_bands,Converge,Converge,Converge,spotify:artist:7kHzfxMLtVHHb523s43rY1,53.0,165994.0,20.0,3.85,77.0,2019-10-19,2021-12-03,2.0,329533.0,46.0,49.0,0.2686,0.004116988,0.6606,0.18155,0.2744,-6.524800000000001,0.0611199999999999,133.06480000000002,False,_mathcore_bands,59,current,"Salem, Massachusetts, U.S.", U.S.
59,Nate Newton,current,Converge (band),10,['1990-present'],0.0,"Salem, Massachusetts, U.S.",0,_mathcore_bands,Converge,Converge,Converge,spotify:artist:7kHzfxMLtVHHb523s43rY1,53.0,165994.0,20.0,3.85,77.0,2019-10-19,2021-12-03,2.0,329533.0,46.0,49.0,0.2686,0.004116988,0.6606,0.18155,0.2744,-6.524800000000001,0.0611199999999999,133.06480000000002,False,_mathcore_bands,60,current,"Salem, Massachusetts, U.S.", U.S.
60,Ben Koller,current,Converge (band),10,['1990-present'],0.0,"Salem, Massachusetts, U.S.",0,_mathcore_bands,Converge,Converge,Converge,spotify:artist:7kHzfxMLtVHHb523s43rY1,53.0,165994.0,20.0,3.85,77.0,2019-10-19,2021-12-03,2.0,329533.0,46.0,49.0,0.2686,0.004116988,0.6606,0.18155,0.2744,-6.524800000000001,0.0611199999999999,133.06480000000002,False,_mathcore_bands,61,current,"Salem, Massachusetts, U.S.", U.S.
61,Jeff Feinberg,past,Converge (band),10,['1990-present'],0.0,"Salem, Massachusetts, U.S.",0,_mathcore_bands,Converge,Converge,Converge,spotify:artist:7kHzfxMLtVHHb523s43rY1,53.0,165994.0,20.0,3.85,77.0,2019-10-19,2021-12-03,2.0,329533.0,46.0,49.0,0.2686,0.004116988,0.6606,0.18155,0.2744,-6.524800000000001,0.0611199999999999,133.06480000000002,False,_mathcore_bands,62,current,"Salem, Massachusetts, U.S.", U.S.
62,Damon Bellorado,past,Converge (band),10,['1990-present'],0.0,"Salem, Massachusetts, U.S.",0,_mathcore_bands,Converge,Converge,Converge,spotify:artist:7kHzfxMLtVHHb523s43rY1,53.0,165994.0,20.0,3.85,77.0,2019-10-19,2021-12-03,2.0,329533.0,46.0,49.0,0.2686,0.004116988,0.6606,0.18155,0.2744,-6.524800000000001,0.0611199999999999,133.06480000000002,False,_mathcore_bands,63,current,"Salem, Massachusetts, U.S.", U.S.
63,Aaron Dalbec,past,Converge (band),10,['1990-present'],0.0,"Salem, Massachusetts, U.S.",0,_mathcore_bands,Converge,Converge,Converge,spotify:artist:7kHzfxMLtVHHb523s43rY1,53.0,165994.0,20.0,3.85,77.0,2019-10-19,2021-12-03,2.0,329533.0,46.0,49.0,0.2686,0.004116988,0.6606,0.18155,0.2744,-6.524800000000001,0.0611199999999999,133.06480000000002,False,_mathcore_bands,64,current,"Salem, Massachusetts, U.S.", U.S.
64,Stephen Brodsky,past,Converge (band),10,['1990-present'],0.0,"Salem, Massachusetts, U.S.",0,_mathcore_bands,Converge,Converge,Converge,spotify:artist:7kHzfxMLtVHHb523s43rY1,53.0,165994.0,20.0,3.85,77.0,2019-10-19,2021-12-03,2.0,329533.0,46.0,49.0,0.2686,0.004116988,0.6606,0.18155,0.2744,-6.524800000000001,0.0611199999999999,133.06480000000002,False,_mathcore_bands,65,current,"Salem, Massachusetts, U.S.", U.S.
65,John DiGiorgio,past,Converge (band),10,['1990-present'],0.0,"Salem, Massachusetts, U.S.",0,_mathcore_bands,Converge,Converge,Converge,spotify:artist:7kHzfxMLtVHHb523s43rY1,53.0,165994.0,20.0,3.85,77.0,2019-10-19,2021-12-03,2.0,329533.0,46.0,49.0,0.2686,0.004116988,0.6606,0.18155,0.2744,-6.524800000000001,0.0611199999999999,133.06480000000002,False,_mathcore_bands,66,current,"Salem, Massachusetts, U.S.", U.S.
66,Alexis Marshall,current,Daughters (band),8,"['2002-2009', '2013-present']",1.0,"Providence, Rhode Island, U.S",0,_mathcore_bands,Daughters,Daughters,Daughters,spotify:artist:1LhK7wn59Hq6GNN4sUS3ih,45.0,108864.0,20.0,3.85,77.0,2019-10-19,2021-12-03,2.0,286867.6,36.0,44.0,0.4516,0.000350034,0.8162,0.273956,0.26078,-6.5132,0.0456,126.0628,False,_mathcore_bands,67,current,"Providence, Rhode Island, U.S", U.S
67,Nicholas Sadler,current,Daughters (band),8,"['2002-2009', '2013-present']",1.0,"Providence, Rhode Island, U.S",0,_mathcore_bands,Daughters,Daughters,Daughters,spotify:artist:1LhK7wn59Hq6GNN4sUS3ih,45.0,108864.0,20.0,3.85,77.0,2019-10-19,2021-12-03,2.0,286867.6,36.0,44.0,0.4516,0.000350034,0.8162,0.273956,0.26078,-6.5132,0.0456,126.0628,False,_mathcore_bands,68,current,"Providence, Rhode Island, U.S", U.S
68,Jon Syverson,current,Daughters (band),8,"['2002-2009', '2013-present']",1.0,"Providence, Rhode Island, U.S",0,_mathcore_bands,Daughters,Daughters,Daughters,spotify:artist:1LhK7wn59Hq6GNN4sUS3ih,45.0,108864.0,20.0,3.85,77.0,2019-10-19,2021-12-03,2.0,286867.6,36.0,44.0,0.4516,0.000350034,0.8162,0.273956,0.26078,-6.5132,0.0456,126.0628,False,_mathcore_bands,69,current,"Providence, Rhode Island, U.S", U.S
69,Samuel Walker,current,Daughters (band),8,"['2002-2009', '2013-present']",1.0,"Providence, Rhode Island, U.S",0,_mathcore_bands,Daughters,Daughters,Daughters,spotify:artist:1LhK7wn59Hq6GNN4sUS3ih,45.0,108864.0,20.0,3.85,77.0,2019-10-19,2021-12-03,2.0,286867.6,36.0,44.0,0.4516,0.000350034,0.8162,0.273956,0.26078,-6.5132,0.0456,126.0628,False,_mathcore_bands,70,current,"Providence, Rhode Island, U.S", U.S
70,Jeremy Wabiszczewicz,past,Daughters (band),8,"['2002-2009', '2013-present']",1.0,"Providence, Rhode Island, U.S",0,_mathcore_bands,Daughters,Daughters,Daughters,spotify:artist:1LhK7wn59Hq6GNN4sUS3ih,45.0,108864.0,20.0,3.85,77.0,2019-10-19,2021-12-03,2.0,286867.6,36.0,44.0,0.4516,0.000350034,0.8162,0.273956,0.26078,-6.5132,0.0456,126.0628,False,_mathcore_bands,71,current,"Providence, Rhode Island, U.S", U.S
71,Pat Masterson,past,Daughters (band),8,"['2002-2009', '2013-present']",1.0,"Providence, Rhode Island, U.S",0,_mathcore_bands,Daughters,Daughters,Daughters,spotify:artist:1LhK7wn59Hq6GNN4sUS3ih,45.0,108864.0,20.0,3.85,77.0,2019-10-19,2021-12-03,2.0,286867.6,36.0,44.0,0.4516,0.000350034,0.8162,0.273956,0.26078,-6.5132,0.0456,126.0628,False,_mathcore_bands,72,current,"Providence, Rhode Island, U.S", U.S
72,Perri Peete,past,Daughters (band),8,"['2002-2009', '2013-present']",1.0,"Providence, Rhode Island, U.S",0,_mathcore_bands,Daughters,Daughters,Daughters,spotify:artist:1LhK7wn59Hq6GNN4sUS3ih,45.0,108864.0,20.0,3.85,77.0,2019-10-19,2021-12-03,2.0,286867.6,36.0,44.0,0.4516,0.000350034,0.8162,0.273956,0.26078,-6.5132,0.0456,126.0628,False,_mathcore_bands,73,current,"Providence, Rhode Island, U.S", U.S
73,Brent Frattini,past,Daughters (band),8,"['2002-2009', '2013-present']",1.0,"Providence, Rhode Island, U.S",0,_mathcore_bands,Daughters,Daughters,Daughters,spotify:artist:1LhK7wn59Hq6GNN4sUS3ih,45.0,108864.0,20.0,3.85,77.0,2019-10-19,2021-12-03,2.0,286867.6,36.0,44.0,0.4516,0.000350034,0.8162,0.273956,0.26078,-6.5132,0.0456,126.0628,False,_mathcore_bands,74,current,"Providence, Rhode Island, U.S", U.S
74,Ben Weinman,past,The Dillinger Escape Plan,13,['1997-2017'],0.0,"Morris Plains, New Jersey, US",0,_mathcore_bands,The Dillinger Escape Plan,The Dillinger Escape Plan,The Dillinger Escape Plan,spotify:artist:7IGcjaMGAtsvKBLQX26W4i,47.0,205993.0,20.0,3.85,77.0,2019-10-19,2021-12-03,2.0,261053.6,39.0,49.0,0.4326,0.0035461999999999,0.932,0.02375264,0.2342,-4.296,0.16906,141.77200000000002,False,_mathcore_bands,75,past,"Morris Plains, New Jersey, US", US
75,Liam Wilson,past,The Dillinger Escape Plan,13,['1997-2017'],0.0,"Morris Plains, New Jersey, US",0,_mathcore_bands,The Dillinger Escape Plan,The Dillinger Escape Plan,The Dillinger Escape Plan,spotify:artist:7IGcjaMGAtsvKBLQX26W4i,47.0,205993.0,20.0,3.85,77.0,2019-10-19,2021-12-03,2.0,261053.6,39.0,49.0,0.4326,0.0035461999999999,0.932,0.02375264,0.2342,-4.296,0.16906,141.77200000000002,False,_mathcore_bands,76,past,"Morris Plains, New Jersey, US", US
76,Greg Puciato,past,The Dillinger Escape Plan,13,['1997-2017'],0.0,"Morris Plains, New Jersey, US",0,_mathcore_bands,The Dillinger Escape Plan,The Dillinger Escape Plan,The Dillinger Escape Plan,spotify:artist:7IGcjaMGAtsvKBLQX26W4i,47.0,205993.0,20.0,3.85,77.0,2019-10-19,2021-12-03,2.0,261053.6,39.0,49.0,0.4326,0.0035461999999999,0.932,0.02375264,0.2342,-4.296,0.16906,141.77200000000002,False,_mathcore_bands,77,past,"Morris Plains, New Jersey, US", US
77,Billy Rymer,past,The Dillinger Escape Plan,13,['1997-2017'],0.0,"Morris Plains, New Jersey, US",0,_mathcore_bands,The Dillinger Escape Plan,The Dillinger Escape Plan,The Dillinger Escape Plan,spotify:artist:7IGcjaMGAtsvKBLQX26W4i,47.0,205993.0,20.0,3.85,77.0,2019-10-19,2021-12-03,2.0,261053.6,39.0,49.0,0.4326,0.0035461999999999,0.932,0.02375264,0.2342,-4.296,0.16906,141.77200000000002,False,_mathcore_bands,78,past,"Morris Plains, New Jersey, US", US
78,Kevin Antreassian,past,The Dillinger Escape Plan,13,['1997-2017'],0.0,"Morris Plains, New Jersey, US",0,_mathcore_bands,The Dillinger Escape Plan,The Dillinger Escape Plan,The Dillinger Escape Plan,spotify:artist:7IGcjaMGAtsvKBLQX26W4i,47.0,205993.0,20.0,3.85,77.0,2019-10-19,2021-12-03,2.0,261053.6,39.0,49.0,0.4326,0.0035461999999999,0.932,0.02375264,0.2342,-4.296,0.16906,141.77200000000002,False,_mathcore_bands,79,past,"Morris Plains, New Jersey, US", US
79,members,past,The Dillinger Escape Plan,13,['1997-2017'],0.0,"Morris Plains, New Jersey, US",0,_mathcore_bands,The Dillinger Escape Plan,The Dillinger Escape Plan,The Dillinger Escape Plan,spotify:artist:7IGcjaMGAtsvKBLQX26W4i,47.0,205993.0,20.0,3.85,77.0,2019-10-19,2021-12-03,2.0,261053.6,39.0,49.0,0.4326,0.0035461999999999,0.932,0.02375264,0.2342,-4.296,0.16906,141.77200000000002,False,_mathcore_bands,80,past,"Morris Plains, New Jersey, US", US
80,for others,past,The Dillinger Escape Plan,13,['1997-2017'],0.0,"Morris Plains, New Jersey, US",0,_mathcore_bands,The Dillinger Escape Plan,The Dillinger Escape Plan,The Dillinger Escape Plan,spotify:artist:7IGcjaMGAtsvKBLQX26W4i,47.0,205993.0,20.0,3.85,77.0,2019-10-19,2021-12-03,2.0,261053.6,39.0,49.0,0.4326,0.0035461999999999,0.932,0.02375264,0.2342,-4.296,0.16906,141.77200000000002,False,_mathcore_bands,81,past,"Morris Plains, New Jersey, US", US
81,Aaron Wolff,past,The End (Canadian band),8,"['1999', '1999', '2007', '2007']",3.0,"Mississauga, Ontario, Canada",0,_mathcore_bands,The End,The End,The End,spotify:artist:45jcnUQrgsJtv7M6kfAFK4,18.0,940.0,20.0,3.85,77.0,2019-10-19,2021-12-03,2.0,238247.0,8.0,23.0,0.4488,0.3204999999999999,0.496,0.173586,0.1722,-9.9396,0.03428,121.4306,False,_mathcore_bands,82,past,"Mississauga, Ontario, Canada", Canada
82,Steve Watson,past,The End (Canadian band),8,"['1999', '1999', '2007', '2007']",3.0,"Mississauga, Ontario, Canada",0,_mathcore_bands,The End,The End,The End,spotify:artist:45jcnUQrgsJtv7M6kfAFK4,18.0,940.0,20.0,3.85,77.0,2019-10-19,2021-12-03,2.0,238247.0,8.0,23.0,0.4488,0.3204999999999999,0.496,0.173586,0.1722,-9.9396,0.03428,121.4306,False,_mathcore_bands,83,past,"Mississauga, Ontario, Canada", Canada
83,Sean Dooley,past,The End (Canadian band),8,"['1999', '1999', '2007', '2007']",3.0,"Mississauga, Ontario, Canada",0,_mathcore_bands,The End,The End,The End,spotify:artist:45jcnUQrgsJtv7M6kfAFK4,18.0,940.0,20.0,3.85,77.0,2019-10-19,2021-12-03,2.0,238247.0,8.0,23.0,0.4488,0.3204999999999999,0.496,0.173586,0.1722,-9.9396,0.03428,121.4306,False,_mathcore_bands,84,past,"Mississauga, Ontario, Canada", Canada
84,Anthony Salajko,past,The End (Canadian band),8,"['1999', '1999', '2007', '2007']",3.0,"Mississauga, Ontario, Canada",0,_mathcore_bands,The End,The End,The End,spotify:artist:45jcnUQrgsJtv7M6kfAFK4,18.0,940.0,20.0,3.85,77.0,2019-10-19,2021-12-03,2.0,238247.0,8.0,23.0,0.4488,0.3204999999999999,0.496,0.173586,0.1722,-9.9396,0.03428,121.4306,False,_mathcore_bands,85,past,"Mississauga, Ontario, Canada", Canada
85,Tyler Semrick-Palmateer,past,The End (Canadian band),8,"['1999', '1999', '2007', '2007']",3.0,"Mississauga, Ontario, Canada",0,_mathcore_bands,The End,The End,The End,spotify:artist:45jcnUQrgsJtv7M6kfAFK4,18.0,940.0,20.0,3.85,77.0,2019-10-19,2021-12-03,2.0,238247.0,8.0,23.0,0.4488,0.3204999999999999,0.496,0.173586,0.1722,-9.9396,0.03428,121.4306,False,_mathcore_bands,86,past,"Mississauga, Ontario, Canada", Canada
86,Andrew Hercules,past,The End (Canadian band),8,"['1999', '1999', '2007', '2007']",3.0,"Mississauga, Ontario, Canada",0,_mathcore_bands,The End,The End,The End,spotify:artist:45jcnUQrgsJtv7M6kfAFK4,18.0,940.0,20.0,3.85,77.0,2019-10-19,2021-12-03,2.0,238247.0,8.0,23.0,0.4488,0.3204999999999999,0.496,0.173586,0.1722,-9.9396,0.03428,121.4306,False,_mathcore_bands,87,past,"Mississauga, Ontario, Canada", Canada
87,Brandon Smith,past,Eyes Upon Separation,4,['1998-2002'],0.0,Ohio[1],0,_mathcore_bands,Eyes Upon Separation,Eyes Upon Separation,Eyes Upon Separation,spotify:artist:1tC0iVKzMg81GmXKOCJUxG,0.0,120.0,20.0,3.85,77.0,2019-10-19,2021-12-03,2.0,176433.0,0.0,0.0,0.244,0.0024170999999999,0.9195,1.65e-05,0.5489999999999999,-5.664,0.0882,123.2865,False,_mathcore_bands,88,past,Ohio[1],Ohio[1]
88,Matt Auxier,past,Eyes Upon Separation,4,['1998-2002'],0.0,Ohio[1],0,_mathcore_bands,Eyes Upon Separation,Eyes Upon Separation,Eyes Upon Separation,spotify:artist:1tC0iVKzMg81GmXKOCJUxG,0.0,120.0,20.0,3.85,77.0,2019-10-19,2021-12-03,2.0,176433.0,0.0,0.0,0.244,0.0024170999999999,0.9195,1.65e-05,0.5489999999999999,-5.664,0.0882,123.2865,False,_mathcore_bands,89,past,Ohio[1],Ohio[1]
89,Nick Corns,past,Eyes Upon Separation,4,['1998-2002'],0.0,Ohio[1],0,_mathcore_bands,Eyes Upon Separation,Eyes Upon Separation,Eyes Upon Separation,spotify:artist:1tC0iVKzMg81GmXKOCJUxG,0.0,120.0,20.0,3.85,77.0,2019-10-19,2021-12-03,2.0,176433.0,0.0,0.0,0.244,0.0024170999999999,0.9195,1.65e-05,0.5489999999999999,-5.664,0.0882,123.2865,False,_mathcore_bands,90,past,Ohio[1],Ohio[1]
90,JT Woodruff,past,Eyes Upon Separation,4,['1998-2002'],0.0,Ohio[1],0,_mathcore_bands,Eyes Upon Separation,Eyes Upon Separation,Eyes Upon Separation,spotify:artist:1tC0iVKzMg81GmXKOCJUxG,0.0,120.0,20.0,3.85,77.0,2019-10-19,2021-12-03,2.0,176433.0,0.0,0.0,0.244,0.0024170999999999,0.9195,1.65e-05,0.5489999999999999,-5.664,0.0882,123.2865,False,_mathcore_bands,91,past,Ohio[1],Ohio[1]
91,Jeremey Rankin,past,Eyes Upon Separation,4,['1998-2002'],0.0,Ohio[1],0,_mathcore_bands,Eyes Upon Separation,Eyes Upon Separation,Eyes Upon Separation,spotify:artist:1tC0iVKzMg81GmXKOCJUxG,0.0,120.0,20.0,3.85,77.0,2019-10-19,2021-12-03,2.0,176433.0,0.0,0.0,0.244,0.0024170999999999,0.9195,1.65e-05,0.5489999999999999,-5.664,0.0882,123.2865,False,_mathcore_bands,92,past,Ohio[1],Ohio[1]
92,Jeff Lohrber,past,Eyes Upon Separation,4,['1998-2002'],0.0,Ohio[1],0,_mathcore_bands,Eyes Upon Separation,Eyes Upon Separation,Eyes Upon Separation,spotify:artist:1tC0iVKzMg81GmXKOCJUxG,0.0,120.0,20.0,3.85,77.0,2019-10-19,2021-12-03,2.0,176433.0,0.0,0.0,0.244,0.0024170999999999,0.9195,1.65e-05,0.5489999999999999,-5.664,0.0882,123.2865,False,_mathcore_bands,93,past,Ohio[1],Ohio[1]
93,Thomas Erak,current,The Fall of Troy (band),9,"['2002-2010', '2013-present']",1.0,"Mukilteo, Washington, U.S.",0,_mathcore_bands,The Fall of Troy,The Fall of Troy,The Fall of Troy,spotify:artist:5fuQrhMRYMtoO9uOlFad4P,48.0,135861.0,20.0,3.85,77.0,2019-10-19,2021-12-03,2.0,262544.4,39.0,59.0,0.3376,0.002869686,0.8814,0.12634195,0.3146,-6.1432,0.0756599999999999,125.5472,False,_mathcore_bands,94,current,"Mukilteo, Washington, U.S.", U.S.
94,Andrew Forsman,current,The Fall of Troy (band),9,"['2002-2010', '2013-present']",1.0,"Mukilteo, Washington, U.S.",0,_mathcore_bands,The Fall of Troy,The Fall of Troy,The Fall of Troy,spotify:artist:5fuQrhMRYMtoO9uOlFad4P,48.0,135861.0,20.0,3.85,77.0,2019-10-19,2021-12-03,2.0,262544.4,39.0,59.0,0.3376,0.002869686,0.8814,0.12634195,0.3146,-6.1432,0.0756599999999999,125.5472,False,_mathcore_bands,95,current,"Mukilteo, Washington, U.S.", U.S.
95,Tim Ward,past,The Fall of Troy (band),9,"['2002-2010', '2013-present']",1.0,"Mukilteo, Washington, U.S.",0,_mathcore_bands,The Fall of Troy,The Fall of Troy,The Fall of Troy,spotify:artist:5fuQrhMRYMtoO9uOlFad4P,48.0,135861.0,20.0,3.85,77.0,2019-10-19,2021-12-03,2.0,262544.4,39.0,59.0,0.3376,0.002869686,0.8814,0.12634195,0.3146,-6.1432,0.0756599999999999,125.5472,False,_mathcore_bands,96,current,"Mukilteo, Washington, U.S.", U.S.
96,Frank Ene,past,The Fall of Troy (band),9,"['2002-2010', '2013-present']",1.0,"Mukilteo, Washington, U.S.",0,_mathcore_bands,The Fall of Troy,The Fall of Troy,The Fall of Troy,spotify:artist:5fuQrhMRYMtoO9uOlFad4P,48.0,135861.0,20.0,3.85,77.0,2019-10-19,2021-12-03,2.0,262544.4,39.0,59.0,0.3376,0.002869686,0.8814,0.12634195,0.3146,-6.1432,0.0756599999999999,125.5472,False,_mathcore_bands,97,current,"Mukilteo, Washington, U.S.", U.S.
97,Joe Rawson,past,Heck (band),6,['2009-2017'],0.0,"Nottingham, England",0,_mathcore_bands,Heck,Heck,Héctor Lavoe,spotify:artist:7opp16lU7VM3l2WBdGMYHP,66.0,1170983.0,20.0,3.85,77.0,2019-10-19,2021-12-03,2.0,431157.2,61.0,64.0,0.5686,0.54438,0.7062,0.1789493419999999,0.07246,-6.849199999999999,0.04006,94.0492,False,_mathcore_bands,98,past,"Nottingham, England", England
98,Jonny Hall,past,Heck (band),6,['2009-2017'],0.0,"Nottingham, England",0,_mathcore_bands,Heck,Heck,Héctor Lavoe,spotify:artist:7opp16lU7VM3l2WBdGMYHP,66.0,1170983.0,20.0,3.85,77.0,2019-10-19,2021-12-03,2.0,431157.2,61.0,64.0,0.5686,0.54438,0.7062,0.1789493419999999,0.07246,-6.849199999999999,0.04006,94.0492,False,_mathcore_bands,99,past,"Nottingham, England", England
99,Paul Shelley,past,Heck (band),6,['2009-2017'],0.0,"Nottingham, England",0,_mathcore_bands,Heck,Heck,Héctor Lavoe,spotify:artist:7opp16lU7VM3l2WBdGMYHP,66.0,1170983.0,20.0,3.85,77.0,2019-10-19,2021-12-03,2.0,431157.2,61.0,64.0,0.5686,0.54438,0.7062,0.1789493419999999,0.07246,-6.849199999999999,0.04006,94.0492,False,_mathcore_bands,100,past,"Nottingham, England", England
100,Matt Reynolds,past,Heck (band),6,['2009-2017'],0.0,"Nottingham, England",0,_mathcore_bands,Heck,Heck,Héctor Lavoe,spotify:artist:7opp16lU7VM3l2WBdGMYHP,66.0,1170983.0,20.0,3.85,77.0,2019-10-19,2021-12-03,2.0,431157.2,61.0,64.0,0.5686,0.54438,0.7062,0.1789493419999999,0.07246,-6.849199999999999,0.04006,94.0492,False,_mathcore_bands,101,past,"Nottingham, England", England
101,Tom Marsh,past,Heck (band),6,['2009-2017'],0.0,"Nottingham, England",0,_mathcore_bands,Heck,Heck,Héctor Lavoe,spotify:artist:7opp16lU7VM3l2WBdGMYHP,66.0,1170983.0,20.0,3.85,77.0,2019-10-19,2021-12-03,2.0,431157.2,61.0,64.0,0.5686,0.54438,0.7062,0.1789493419999999,0.07246,-6.849199999999999,0.04006,94.0492,False,_mathcore_bands,102,past,"Nottingham, England", England
102,Sebastien Chaput,current,Ion Dissonance,6,['2001'],0.0,"Montreal, Quebec, Canada",0,_mathcore_bands,Ion Dissonance,Ion Dissonance,Ion Dissonance,spotify:artist:3KjkcT0s7a7JDlzsXffnDo,24.0,20160.0,20.0,3.85,77.0,2019-10-19,2021-12-03,2.0,203461.0,15.0,26.0,0.4852,3.0766e-05,0.9588,0.5806,0.27566,-5.5448,0.11774,115.477,False,_mathcore_bands,103,current,"Montreal, Quebec, Canada", Canada
103,Antoine Lussier,current,Ion Dissonance,6,['2001'],0.0,"Montreal, Quebec, Canada",0,_mathcore_bands,Ion Dissonance,Ion Dissonance,Ion Dissonance,spotify:artist:3KjkcT0s7a7JDlzsXffnDo,24.0,20160.0,20.0,3.85,77.0,2019-10-19,2021-12-03,2.0,203461.0,15.0,26.0,0.4852,3.0766e-05,0.9588,0.5806,0.27566,-5.5448,0.11774,115.477,False,_mathcore_bands,104,current,"Montreal, Quebec, Canada", Canada
104,Kevin McCaughey,current,Ion Dissonance,6,['2001'],0.0,"Montreal, Quebec, Canada",0,_mathcore_bands,Ion Dissonance,Ion Dissonance,Ion Dissonance,spotify:artist:3KjkcT0s7a7JDlzsXffnDo,24.0,20160.0,20.0,3.85,77.0,2019-10-19,2021-12-03,2.0,203461.0,15.0,26.0,0.4852,3.0766e-05,0.9588,0.5806,0.27566,-5.5448,0.11774,115.477,False,_mathcore_bands,105,current,"Montreal, Quebec, Canada", Canada
105,Dominic Grimard,current,Ion Dissonance,6,['2001'],0.0,"Montreal, Quebec, Canada",0,_mathcore_bands,Ion Dissonance,Ion Dissonance,Ion Dissonance,spotify:artist:3KjkcT0s7a7JDlzsXffnDo,24.0,20160.0,20.0,3.85,77.0,2019-10-19,2021-12-03,2.0,203461.0,15.0,26.0,0.4852,3.0766e-05,0.9588,0.5806,0.27566,-5.5448,0.11774,115.477,False,_mathcore_bands,106,current,"Montreal, Quebec, Canada", Canada
106,Jean-François Richard,current,Ion Dissonance,6,['2001'],0.0,"Montreal, Quebec, Canada",0,_mathcore_bands,Ion Dissonance,Ion Dissonance,Ion Dissonance,spotify:artist:3KjkcT0s7a7JDlzsXffnDo,24.0,20160.0,20.0,3.85,77.0,2019-10-19,2021-12-03,2.0,203461.0,15.0,26.0,0.4852,3.0766e-05,0.9588,0.5806,0.27566,-5.5448,0.11774,115.477,False,_mathcore_bands,107,current,"Montreal, Quebec, Canada", Canada
107,Miguel Valade,past,Ion Dissonance,6,['2001'],0.0,"Montreal, Quebec, Canada",0,_mathcore_bands,Ion Dissonance,Ion Dissonance,Ion Dissonance,spotify:artist:3KjkcT0s7a7JDlzsXffnDo,24.0,20160.0,20.0,3.85,77.0,2019-10-19,2021-12-03,2.0,203461.0,15.0,26.0,0.4852,3.0766e-05,0.9588,0.5806,0.27566,-5.5448,0.11774,115.477,False,_mathcore_bands,108,current,"Montreal, Quebec, Canada", Canada
108,Sebastien Painchaud,past,Ion Dissonance,6,['2001'],0.0,"Montreal, Quebec, Canada",0,_mathcore_bands,Ion Dissonance,Ion Dissonance,Ion Dissonance,spotify:artist:3KjkcT0s7a7JDlzsXffnDo,24.0,20160.0,20.0,3.85,77.0,2019-10-19,2021-12-03,2.0,203461.0,15.0,26.0,0.4852,3.0766e-05,0.9588,0.5806,0.27566,-5.5448,0.11774,115.477,False,_mathcore_bands,109,current,"Montreal, Quebec, Canada", Canada
109,Gabriel McCaughry,past,Ion Dissonance,6,['2001'],0.0,"Montreal, Quebec, Canada",0,_mathcore_bands,Ion Dissonance,Ion Dissonance,Ion Dissonance,spotify:artist:3KjkcT0s7a7JDlzsXffnDo,24.0,20160.0,20.0,3.85,77.0,2019-10-19,2021-12-03,2.0,203461.0,15.0,26.0,0.4852,3.0766e-05,0.9588,0.5806,0.27566,-5.5448,0.11774,115.477,False,_mathcore_bands,110,current,"Montreal, Quebec, Canada", Canada
110,Xavier St-Laurent,past,Ion Dissonance,6,['2001'],0.0,"Montreal, Quebec, Canada",0,_mathcore_bands,Ion Dissonance,Ion Dissonance,Ion Dissonance,spotify:artist:3KjkcT0s7a7JDlzsXffnDo,24.0,20160.0,20.0,3.85,77.0,2019-10-19,2021-12-03,2.0,203461.0,15.0,26.0,0.4852,3.0766e-05,0.9588,0.5806,0.27566,-5.5448,0.11774,115.477,False,_mathcore_bands,111,current,"Montreal, Quebec, Canada", Canada
111,Jesse Korman,current,The Number Twelve Looks Like You,9,"['2002-2010', '2016-present']",1.0,"Bergen County,[1] New Jersey, United States",0,_mathcore_bands,The Number Twelve Looks Like You,The Number Twelve Looks Like You,The Number Twelve Looks Like You,spotify:artist:72kTuWmVMzkRDkP1pgc8Hr,27.0,33364.0,20.0,3.85,77.0,2019-10-19,2021-12-03,2.0,270775.8,19.0,26.0,0.309,0.00177846,0.8928,0.302934,0.20526,-3.9182,0.16386,120.53119999999998,False,_mathcore_bands,112,current,"Bergen County,[1] New Jersey, United States", U.S.
112,Alexis Pareja,current,The Number Twelve Looks Like You,9,"['2002-2010', '2016-present']",1.0,"Bergen County,[1] New Jersey, United States",0,_mathcore_bands,The Number Twelve Looks Like You,The Number Twelve Looks Like You,The Number Twelve Looks Like You,spotify:artist:72kTuWmVMzkRDkP1pgc8Hr,27.0,33364.0,20.0,3.85,77.0,2019-10-19,2021-12-03,2.0,270775.8,19.0,26.0,0.309,0.00177846,0.8928,0.302934,0.20526,-3.9182,0.16386,120.53119999999998,False,_mathcore_bands,113,current,"Bergen County,[1] New Jersey, United States", U.S.
113,DJ Scully,current,The Number Twelve Looks Like You,9,"['2002-2010', '2016-present']",1.0,"Bergen County,[1] New Jersey, United States",0,_mathcore_bands,The Number Twelve Looks Like You,The Number Twelve Looks Like You,The Number Twelve Looks Like You,spotify:artist:72kTuWmVMzkRDkP1pgc8Hr,27.0,33364.0,20.0,3.85,77.0,2019-10-19,2021-12-03,2.0,270775.8,19.0,26.0,0.309,0.00177846,0.8928,0.302934,0.20526,-3.9182,0.16386,120.53119999999998,False,_mathcore_bands,114,current,"Bergen County,[1] New Jersey, United States", U.S.
114,Michael Kadnar,current,The Number Twelve Looks Like You,9,"['2002-2010', '2016-present']",1.0,"Bergen County,[1] New Jersey, United States",0,_mathcore_bands,The Number Twelve Looks Like You,The Number Twelve Looks Like You,The Number Twelve Looks Like You,spotify:artist:72kTuWmVMzkRDkP1pgc8Hr,27.0,33364.0,20.0,3.85,77.0,2019-10-19,2021-12-03,2.0,270775.8,19.0,26.0,0.309,0.00177846,0.8928,0.302934,0.20526,-3.9182,0.16386,120.53119999999998,False,_mathcore_bands,115,current,"Bergen County,[1] New Jersey, United States", U.S.
115,Chris Russell,past,The Number Twelve Looks Like You,9,"['2002-2010', '2016-present']",1.0,"Bergen County,[1] New Jersey, United States",0,_mathcore_bands,The Number Twelve Looks Like You,The Number Twelve Looks Like You,The Number Twelve Looks Like You,spotify:artist:72kTuWmVMzkRDkP1pgc8Hr,27.0,33364.0,20.0,3.85,77.0,2019-10-19,2021-12-03,2.0,270775.8,19.0,26.0,0.309,0.00177846,0.8928,0.302934,0.20526,-3.9182,0.16386,120.53119999999998,False,_mathcore_bands,116,current,"Bergen County,[1] New Jersey, United States", U.S.
116,Jon Karel,past,The Number Twelve Looks Like You,9,"['2002-2010', '2016-present']",1.0,"Bergen County,[1] New Jersey, United States",0,_mathcore_bands,The Number Twelve Looks Like You,The Number Twelve Looks Like You,The Number Twelve Looks Like You,spotify:artist:72kTuWmVMzkRDkP1pgc8Hr,27.0,33364.0,20.0,3.85,77.0,2019-10-19,2021-12-03,2.0,270775.8,19.0,26.0,0.309,0.00177846,0.8928,0.302934,0.20526,-3.9182,0.16386,120.53119999999998,False,_mathcore_bands,117,current,"Bergen County,[1] New Jersey, United States", U.S.
117,Christopher Conger,past,The Number Twelve Looks Like You,9,"['2002-2010', '2016-present']",1.0,"Bergen County,[1] New Jersey, United States",0,_mathcore_bands,The Number Twelve Looks Like You,The Number Twelve Looks Like You,The Number Twelve Looks Like You,spotify:artist:72kTuWmVMzkRDkP1pgc8Hr,27.0,33364.0,20.0,3.85,77.0,2019-10-19,2021-12-03,2.0,270775.8,19.0,26.0,0.309,0.00177846,0.8928,0.302934,0.20526,-3.9182,0.16386,120.53119999999998,False,_mathcore_bands,118,current,"Bergen County,[1] New Jersey, United States", U.S.
118,Mike Smagula,past,The Number Twelve Looks Like You,9,"['2002-2010', '2016-present']",1.0,"Bergen County,[1] New Jersey, United States",0,_mathcore_bands,The Number Twelve Looks Like You,The Number Twelve Looks Like You,The Number Twelve Looks Like You,spotify:artist:72kTuWmVMzkRDkP1pgc8Hr,27.0,33364.0,20.0,3.85,77.0,2019-10-19,2021-12-03,2.0,270775.8,19.0,26.0,0.309,0.00177846,0.8928,0.302934,0.20526,-3.9182,0.16386,120.53119999999998,False,_mathcore_bands,119,current,"Bergen County,[1] New Jersey, United States", U.S.
119,Jamie McIlroy,past,The Number Twelve Looks Like You,9,"['2002-2010', '2016-present']",1.0,"Bergen County,[1] New Jersey, United States",0,_mathcore_bands,The Number Twelve Looks Like You,The Number Twelve Looks Like You,The Number Twelve Looks Like You,spotify:artist:72kTuWmVMzkRDkP1pgc8Hr,27.0,33364.0,20.0,3.85,77.0,2019-10-19,2021-12-03,2.0,270775.8,19.0,26.0,0.309,0.00177846,0.8928,0.302934,0.20526,-3.9182,0.16386,120.53119999999998,False,_mathcore_bands,120,current,"Bergen County,[1] New Jersey, United States", U.S.
120,Justin Pedrick,past,The Number Twelve Looks Like You,9,"['2002-2010', '2016-present']",1.0,"Bergen County,[1] New Jersey, United States",0,_mathcore_bands,The Number Twelve Looks Like You,The Number Twelve Looks Like You,The Number Twelve Looks Like You,spotify:artist:72kTuWmVMzkRDkP1pgc8Hr,27.0,33364.0,20.0,3.85,77.0,2019-10-19,2021-12-03,2.0,270775.8,19.0,26.0,0.309,0.00177846,0.8928,0.302934,0.20526,-3.9182,0.16386,120.53119999999998,False,_mathcore_bands,121,current,"Bergen County,[1] New Jersey, United States", U.S.
121,Greg Herman,past,Psyopus,7,"['2002-2010', '2012']",1.0,"Rochester, New York, United States",0,_mathcore_bands,Psyopus,Psyopus,Psyopus,spotify:artist:6sBzxS647fCA1Sh0SV7P1W,17.0,13104.0,20.0,3.85,77.0,2019-10-19,2021-12-03,2.0,208720.8,13.0,17.0,0.3232,0.00028424,0.985,0.388746,0.31798,-2.666,0.199,116.705,False,_mathcore_bands,122,past,"Rochester, New York, United States", U.S.
122,Brian Woodruff,past,Psyopus,7,"['2002-2010', '2012']",1.0,"Rochester, New York, United States",0,_mathcore_bands,Psyopus,Psyopus,Psyopus,spotify:artist:6sBzxS647fCA1Sh0SV7P1W,17.0,13104.0,20.0,3.85,77.0,2019-10-19,2021-12-03,2.0,208720.8,13.0,17.0,0.3232,0.00028424,0.985,0.388746,0.31798,-2.666,0.199,116.705,False,_mathcore_bands,123,past,"Rochester, New York, United States", U.S.
123,Brian Kelly,past,Psyopus,7,"['2002-2010', '2012']",1.0,"Rochester, New York, United States",0,_mathcore_bands,Psyopus,Psyopus,Psyopus,spotify:artist:6sBzxS647fCA1Sh0SV7P1W,17.0,13104.0,20.0,3.85,77.0,2019-10-19,2021-12-03,2.0,208720.8,13.0,17.0,0.3232,0.00028424,0.985,0.388746,0.31798,-2.666,0.199,116.705,False,_mathcore_bands,124,past,"Rochester, New York, United States", U.S.
124,Lee Fisher,past,Psyopus,7,"['2002-2010', '2012']",1.0,"Rochester, New York, United States",0,_mathcore_bands,Psyopus,Psyopus,Psyopus,spotify:artist:6sBzxS647fCA1Sh0SV7P1W,17.0,13104.0,20.0,3.85,77.0,2019-10-19,2021-12-03,2.0,208720.8,13.0,17.0,0.3232,0.00028424,0.985,0.388746,0.31798,-2.666,0.199,116.705,False,_mathcore_bands,125,past,"Rochester, New York, United States", U.S.
125,Corey Barnes,past,Psyopus,7,"['2002-2010', '2012']",1.0,"Rochester, New York, United States",0,_mathcore_bands,Psyopus,Psyopus,Psyopus,spotify:artist:6sBzxS647fCA1Sh0SV7P1W,17.0,13104.0,20.0,3.85,77.0,2019-10-19,2021-12-03,2.0,208720.8,13.0,17.0,0.3232,0.00028424,0.985,0.388746,0.31798,-2.666,0.199,116.705,False,_mathcore_bands,126,past,"Rochester, New York, United States", U.S.
126,Jon Cole,past,Psyopus,7,"['2002-2010', '2012']",1.0,"Rochester, New York, United States",0,_mathcore_bands,Psyopus,Psyopus,Psyopus,spotify:artist:6sBzxS647fCA1Sh0SV7P1W,17.0,13104.0,20.0,3.85,77.0,2019-10-19,2021-12-03,2.0,208720.8,13.0,17.0,0.3232,0.00028424,0.985,0.388746,0.31798,-2.666,0.199,116.705,False,_mathcore_bands,127,past,"Rochester, New York, United States", U.S.
127,Harrison Christie,past,Psyopus,7,"['2002-2010', '2012']",1.0,"Rochester, New York, United States",0,_mathcore_bands,Psyopus,Psyopus,Psyopus,spotify:artist:6sBzxS647fCA1Sh0SV7P1W,17.0,13104.0,20.0,3.85,77.0,2019-10-19,2021-12-03,2.0,208720.8,13.0,17.0,0.3232,0.00028424,0.985,0.388746,0.31798,-2.666,0.199,116.705,False,_mathcore_bands,128,past,"Rochester, New York, United States", U.S.
128,Michael Horn,past,Psyopus,7,"['2002-2010', '2012']",1.0,"Rochester, New York, United States",0,_mathcore_bands,Psyopus,Psyopus,Psyopus,spotify:artist:6sBzxS647fCA1Sh0SV7P1W,17.0,13104.0,20.0,3.85,77.0,2019-10-19,2021-12-03,2.0,208720.8,13.0,17.0,0.3232,0.00028424,0.985,0.388746,0.31798,-2.666,0.199,116.705,False,_mathcore_bands,129,past,"Rochester, New York, United States", U.S.
129,Matt Dalberth,past,Psyopus,7,"['2002-2010', '2012']",1.0,"Rochester, New York, United States",0,_mathcore_bands,Psyopus,Psyopus,Psyopus,spotify:artist:6sBzxS647fCA1Sh0SV7P1W,17.0,13104.0,20.0,3.85,77.0,2019-10-19,2021-12-03,2.0,208720.8,13.0,17.0,0.3232,0.00028424,0.985,0.388746,0.31798,-2.666,0.199,116.705,False,_mathcore_bands,130,past,"Rochester, New York, United States", U.S.
130,Brent Glover,past,Psyopus,7,"['2002-2010', '2012']",1.0,"Rochester, New York, United States",0,_mathcore_bands,Psyopus,Psyopus,Psyopus,spotify:artist:6sBzxS647fCA1Sh0SV7P1W,17.0,13104.0,20.0,3.85,77.0,2019-10-19,2021-12-03,2.0,208720.8,13.0,17.0,0.3232,0.00028424,0.985,0.388746,0.31798,-2.666,0.199,116.705,False,_mathcore_bands,131,past,"Rochester, New York, United States", U.S.
131,Eva Korman,current,Rolo Tomassi,8,"['2005', '2005']",1.0,"Stocksbridge, Sheffield, England",0,_mathcore_bands,Rolo Tomassi,Rolo Tomassi,Rolo Tomassi,spotify:artist:3uHCTHxtg3IVAvhyrYsZvI,36.0,37117.0,20.0,3.85,77.0,2019-10-19,2021-12-03,2.0,249561.4,30.0,38.0,0.3340000000000001,0.18440016,0.7796,0.35468,0.3772,-7.2438,0.1062,134.3326,False,_mathcore_bands,132,current,"Stocksbridge, Sheffield, England", England
132,James Spence,current,Rolo Tomassi,8,"['2005', '2005']",1.0,"Stocksbridge, Sheffield, England",0,_mathcore_bands,Rolo Tomassi,Rolo Tomassi,Rolo Tomassi,spotify:artist:3uHCTHxtg3IVAvhyrYsZvI,36.0,37117.0,20.0,3.85,77.0,2019-10-19,2021-12-03,2.0,249561.4,30.0,38.0,0.3340000000000001,0.18440016,0.7796,0.35468,0.3772,-7.2438,0.1062,134.3326,False,_mathcore_bands,133,current,"Stocksbridge, Sheffield, England", England
133,Chris Cayford,current,Rolo Tomassi,8,"['2005', '2005']",1.0,"Stocksbridge, Sheffield, England",0,_mathcore_bands,Rolo Tomassi,Rolo Tomassi,Rolo Tomassi,spotify:artist:3uHCTHxtg3IVAvhyrYsZvI,36.0,37117.0,20.0,3.85,77.0,2019-10-19,2021-12-03,2.0,249561.4,30.0,38.0,0.3340000000000001,0.18440016,0.7796,0.35468,0.3772,-7.2438,0.1062,134.3326,False,_mathcore_bands,134,current,"Stocksbridge, Sheffield, England", England
134,Nathan Fairweather,current,Rolo Tomassi,8,"['2005', '2005']",1.0,"Stocksbridge, Sheffield, England",0,_mathcore_bands,Rolo Tomassi,Rolo Tomassi,Rolo Tomassi,spotify:artist:3uHCTHxtg3IVAvhyrYsZvI,36.0,37117.0,20.0,3.85,77.0,2019-10-19,2021-12-03,2.0,249561.4,30.0,38.0,0.3340000000000001,0.18440016,0.7796,0.35468,0.3772,-7.2438,0.1062,134.3326,False,_mathcore_bands,135,current,"Stocksbridge, Sheffield, England", England
135,Al Pott,current,Rolo Tomassi,8,"['2005', '2005']",1.0,"Stocksbridge, Sheffield, England",0,_mathcore_bands,Rolo Tomassi,Rolo Tomassi,Rolo Tomassi,spotify:artist:3uHCTHxtg3IVAvhyrYsZvI,36.0,37117.0,20.0,3.85,77.0,2019-10-19,2021-12-03,2.0,249561.4,30.0,38.0,0.3340000000000001,0.18440016,0.7796,0.35468,0.3772,-7.2438,0.1062,134.3326,False,_mathcore_bands,136,current,"Stocksbridge, Sheffield, England", England
136,Joseph Thorpe,past,Rolo Tomassi,8,"['2005', '2005']",1.0,"Stocksbridge, Sheffield, England",0,_mathcore_bands,Rolo Tomassi,Rolo Tomassi,Rolo Tomassi,spotify:artist:3uHCTHxtg3IVAvhyrYsZvI,36.0,37117.0,20.0,3.85,77.0,2019-10-19,2021-12-03,2.0,249561.4,30.0,38.0,0.3340000000000001,0.18440016,0.7796,0.35468,0.3772,-7.2438,0.1062,134.3326,False,_mathcore_bands,137,current,"Stocksbridge, Sheffield, England", England
137,Joe Nicholson,past,Rolo Tomassi,8,"['2005', '2005']",1.0,"Stocksbridge, Sheffield, England",0,_mathcore_bands,Rolo Tomassi,Rolo Tomassi,Rolo Tomassi,spotify:artist:3uHCTHxtg3IVAvhyrYsZvI,36.0,37117.0,20.0,3.85,77.0,2019-10-19,2021-12-03,2.0,249561.4,30.0,38.0,0.3340000000000001,0.18440016,0.7796,0.35468,0.3772,-7.2438,0.1062,134.3326,False,_mathcore_bands,138,current,"Stocksbridge, Sheffield, England", England
138,Edward Dutton,past,Rolo Tomassi,8,"['2005', '2005']",1.0,"Stocksbridge, Sheffield, England",0,_mathcore_bands,Rolo Tomassi,Rolo Tomassi,Rolo Tomassi,spotify:artist:3uHCTHxtg3IVAvhyrYsZvI,36.0,37117.0,20.0,3.85,77.0,2019-10-19,2021-12-03,2.0,249561.4,30.0,38.0,0.3340000000000001,0.18440016,0.7796,0.35468,0.3772,-7.2438,0.1062,134.3326,False,_mathcore_bands,139,current,"Stocksbridge, Sheffield, England", England
139,Tom Pitts,past,Rolo Tomassi,8,"['2005', '2005']",1.0,"Stocksbridge, Sheffield, England",0,_mathcore_bands,Rolo Tomassi,Rolo Tomassi,Rolo Tomassi,spotify:artist:3uHCTHxtg3IVAvhyrYsZvI,36.0,37117.0,20.0,3.85,77.0,2019-10-19,2021-12-03,2.0,249561.4,30.0,38.0,0.3340000000000001,0.18440016,0.7796,0.35468,0.3772,-7.2438,0.1062,134.3326,False,_mathcore_bands,140,current,"Stocksbridge, Sheffield, England", England
140,Drew Slavik,current,See You Next Tuesday (band),8,"['2004-2009', '2015-present']",1.0,"Bay City, Michigan, United States",0,_mathcore_bands,See You Next Tuesday,See You Next Tuesday,See You Next Tuesday,spotify:artist:2j5thxS6vaOqDNEAh0SFEx,17.0,16383.0,20.0,3.85,77.0,2019-10-19,2021-12-03,2.0,88485.0,14.0,21.0,0.2855999999999999,0.0037876,0.966,0.08815461,0.29386,-2.8944,0.1348,113.4472,False,_mathcore_bands,141,current,"Bay City, Michigan, United States", U.S.
141,Andy Dalton,current,See You Next Tuesday (band),8,"['2004-2009', '2015-present']",1.0,"Bay City, Michigan, United States",0,_mathcore_bands,See You Next Tuesday,See You Next Tuesday,See You Next Tuesday,spotify:artist:2j5thxS6vaOqDNEAh0SFEx,17.0,16383.0,20.0,3.85,77.0,2019-10-19,2021-12-03,2.0,88485.0,14.0,21.0,0.2855999999999999,0.0037876,0.966,0.08815461,0.29386,-2.8944,0.1348,113.4472,False,_mathcore_bands,142,current,"Bay City, Michigan, United States", U.S.
142,Chris Fox,current,See You Next Tuesday (band),8,"['2004-2009', '2015-present']",1.0,"Bay City, Michigan, United States",0,_mathcore_bands,See You Next Tuesday,See You Next Tuesday,See You Next Tuesday,spotify:artist:2j5thxS6vaOqDNEAh0SFEx,17.0,16383.0,20.0,3.85,77.0,2019-10-19,2021-12-03,2.0,88485.0,14.0,21.0,0.2855999999999999,0.0037876,0.966,0.08815461,0.29386,-2.8944,0.1348,113.4472,False,_mathcore_bands,143,current,"Bay City, Michigan, United States", U.S.
143,Rick Woods,current,See You Next Tuesday (band),8,"['2004-2009', '2015-present']",1.0,"Bay City, Michigan, United States",0,_mathcore_bands,See You Next Tuesday,See You Next Tuesday,See You Next Tuesday,spotify:artist:2j5thxS6vaOqDNEAh0SFEx,17.0,16383.0,20.0,3.85,77.0,2019-10-19,2021-12-03,2.0,88485.0,14.0,21.0,0.2855999999999999,0.0037876,0.966,0.08815461,0.29386,-2.8944,0.1348,113.4472,False,_mathcore_bands,144,current,"Bay City, Michigan, United States", U.S.
144,Brandon Schroder,past,See You Next Tuesday (band),8,"['2004-2009', '2015-present']",1.0,"Bay City, Michigan, United States",0,_mathcore_bands,See You Next Tuesday,See You Next Tuesday,See You Next Tuesday,spotify:artist:2j5thxS6vaOqDNEAh0SFEx,17.0,16383.0,20.0,3.85,77.0,2019-10-19,2021-12-03,2.0,88485.0,14.0,21.0,0.2855999999999999,0.0037876,0.966,0.08815461,0.29386,-2.8944,0.1348,113.4472,False,_mathcore_bands,145,current,"Bay City, Michigan, United States", U.S.
145,Travis Martin,past,See You Next Tuesday (band),8,"['2004-2009', '2015-present']",1.0,"Bay City, Michigan, United States",0,_mathcore_bands,See You Next Tuesday,See You Next Tuesday,See You Next Tuesday,spotify:artist:2j5thxS6vaOqDNEAh0SFEx,17.0,16383.0,20.0,3.85,77.0,2019-10-19,2021-12-03,2.0,88485.0,14.0,21.0,0.2855999999999999,0.0037876,0.966,0.08815461,0.29386,-2.8944,0.1348,113.4472,False,_mathcore_bands,146,current,"Bay City, Michigan, United States", U.S.
146,Adam Karpinsky,past,See You Next Tuesday (band),8,"['2004-2009', '2015-present']",1.0,"Bay City, Michigan, United States",0,_mathcore_bands,See You Next Tuesday,See You Next Tuesday,See You Next Tuesday,spotify:artist:2j5thxS6vaOqDNEAh0SFEx,17.0,16383.0,20.0,3.85,77.0,2019-10-19,2021-12-03,2.0,88485.0,14.0,21.0,0.2855999999999999,0.0037876,0.966,0.08815461,0.29386,-2.8944,0.1348,113.4472,False,_mathcore_bands,147,current,"Bay City, Michigan, United States", U.S.
147,Josh Kreuger,past,See You Next Tuesday (band),8,"['2004-2009', '2015-present']",1.0,"Bay City, Michigan, United States",0,_mathcore_bands,See You Next Tuesday,See You Next Tuesday,See You Next Tuesday,spotify:artist:2j5thxS6vaOqDNEAh0SFEx,17.0,16383.0,20.0,3.85,77.0,2019-10-19,2021-12-03,2.0,88485.0,14.0,21.0,0.2855999999999999,0.0037876,0.966,0.08815461,0.29386,-2.8944,0.1348,113.4472,False,_mathcore_bands,148,current,"Bay City, Michigan, United States", U.S.
148,Connie Sgarbossa,current,SeeYouSpaceCowboy,8,['2016-present'],0.0,"San Diego, California, U.S.",0,_mathcore_bands,SeeYouSpaceCowboy,SeeYouSpaceCowboy,SeeYouSpaceCowboy...,spotify:artist:7CFS5X96xBaJft4QdzTTC1,47.0,33535.0,20.0,3.85,77.0,2019-10-19,2021-12-03,2.0,215349.0,40.0,44.0,0.3236,0.00057274,0.9174,0.161805156,0.3728,-3.5936,0.09792,101.951,False,_mathcore_bands,149,current,"San Diego, California, U.S.", U.S.
149,Ethan Sgarbossa,current,SeeYouSpaceCowboy,8,['2016-present'],0.0,"San Diego, California, U.S.",0,_mathcore_bands,SeeYouSpaceCowboy,SeeYouSpaceCowboy,SeeYouSpaceCowboy...,spotify:artist:7CFS5X96xBaJft4QdzTTC1,47.0,33535.0,20.0,3.85,77.0,2019-10-19,2021-12-03,2.0,215349.0,40.0,44.0,0.3236,0.00057274,0.9174,0.161805156,0.3728,-3.5936,0.09792,101.951,False,_mathcore_bands,150,current,"San Diego, California, U.S.", U.S.
150,Taylor Allen,current,SeeYouSpaceCowboy,8,['2016-present'],0.0,"San Diego, California, U.S.",0,_mathcore_bands,SeeYouSpaceCowboy,SeeYouSpaceCowboy,SeeYouSpaceCowboy...,spotify:artist:7CFS5X96xBaJft4QdzTTC1,47.0,33535.0,20.0,3.85,77.0,2019-10-19,2021-12-03,2.0,215349.0,40.0,44.0,0.3236,0.00057274,0.9174,0.161805156,0.3728,-3.5936,0.09792,101.951,False,_mathcore_bands,151,current,"San Diego, California, U.S.", U.S.
151,Timmy Moreno,current,SeeYouSpaceCowboy,8,['2016-present'],0.0,"San Diego, California, U.S.",0,_mathcore_bands,SeeYouSpaceCowboy,SeeYouSpaceCowboy,SeeYouSpaceCowboy...,spotify:artist:7CFS5X96xBaJft4QdzTTC1,47.0,33535.0,20.0,3.85,77.0,2019-10-19,2021-12-03,2.0,215349.0,40.0,44.0,0.3236,0.00057274,0.9174,0.161805156,0.3728,-3.5936,0.09792,101.951,False,_mathcore_bands,152,current,"San Diego, California, U.S.", U.S.
152,AJ Tartol,current,SeeYouSpaceCowboy,8,['2016-present'],0.0,"San Diego, California, U.S.",0,_mathcore_bands,SeeYouSpaceCowboy,SeeYouSpaceCowboy,SeeYouSpaceCowboy...,spotify:artist:7CFS5X96xBaJft4QdzTTC1,47.0,33535.0,20.0,3.85,77.0,2019-10-19,2021-12-03,2.0,215349.0,40.0,44.0,0.3236,0.00057274,0.9174,0.161805156,0.3728,-3.5936,0.09792,101.951,False,_mathcore_bands,153,current,"San Diego, California, U.S.", U.S.
153,Dominick Larocca,past,SeeYouSpaceCowboy,8,['2016-present'],0.0,"San Diego, California, U.S.",0,_mathcore_bands,SeeYouSpaceCowboy,SeeYouSpaceCowboy,SeeYouSpaceCowboy...,spotify:artist:7CFS5X96xBaJft4QdzTTC1,47.0,33535.0,20.0,3.85,77.0,2019-10-19,2021-12-03,2.0,215349.0,40.0,44.0,0.3236,0.00057274,0.9174,0.161805156,0.3728,-3.5936,0.09792,101.951,False,_mathcore_bands,154,current,"San Diego, California, U.S.", U.S.
154,Timmy Moreno,past,SeeYouSpaceCowboy,8,['2016-present'],0.0,"San Diego, California, U.S.",0,_mathcore_bands,SeeYouSpaceCowboy,SeeYouSpaceCowboy,SeeYouSpaceCowboy...,spotify:artist:7CFS5X96xBaJft4QdzTTC1,47.0,33535.0,20.0,3.85,77.0,2019-10-19,2021-12-03,2.0,215349.0,40.0,44.0,0.3236,0.00057274,0.9174,0.161805156,0.3728,-3.5936,0.09792,101.951,False,_mathcore_bands,155,current,"San Diego, California, U.S.", U.S.
155,Cameron Phipps,past,SeeYouSpaceCowboy,8,['2016-present'],0.0,"San Diego, California, U.S.",0,_mathcore_bands,SeeYouSpaceCowboy,SeeYouSpaceCowboy,SeeYouSpaceCowboy...,spotify:artist:7CFS5X96xBaJft4QdzTTC1,47.0,33535.0,20.0,3.85,77.0,2019-10-19,2021-12-03,2.0,215349.0,40.0,44.0,0.3236,0.00057274,0.9174,0.161805156,0.3728,-3.5936,0.09792,101.951,False,_mathcore_bands,156,current,"San Diego, California, U.S.", U.S.
156,Andrew Milam,past,SeeYouSpaceCowboy,8,['2016-present'],0.0,"San Diego, California, U.S.",0,_mathcore_bands,SeeYouSpaceCowboy,SeeYouSpaceCowboy,SeeYouSpaceCowboy...,spotify:artist:7CFS5X96xBaJft4QdzTTC1,47.0,33535.0,20.0,3.85,77.0,2019-10-19,2021-12-03,2.0,215349.0,40.0,44.0,0.3236,0.00057274,0.9174,0.161805156,0.3728,-3.5936,0.09792,101.951,False,_mathcore_bands,157,current,"San Diego, California, U.S.", U.S.
157,Liam Coombe,past,SeeYouSpaceCowboy,8,['2016-present'],0.0,"San Diego, California, U.S.",0,_mathcore_bands,SeeYouSpaceCowboy,SeeYouSpaceCowboy,SeeYouSpaceCowboy...,spotify:artist:7CFS5X96xBaJft4QdzTTC1,47.0,33535.0,20.0,3.85,77.0,2019-10-19,2021-12-03,2.0,215349.0,40.0,44.0,0.3236,0.00057274,0.9174,0.161805156,0.3728,-3.5936,0.09792,101.951,False,_mathcore_bands,158,current,"San Diego, California, U.S.", U.S.
158,Bryan Prosser,past,SeeYouSpaceCowboy,8,['2016-present'],0.0,"San Diego, California, U.S.",0,_mathcore_bands,SeeYouSpaceCowboy,SeeYouSpaceCowboy,SeeYouSpaceCowboy...,spotify:artist:7CFS5X96xBaJft4QdzTTC1,47.0,33535.0,20.0,3.85,77.0,2019-10-19,2021-12-03,2.0,215349.0,40.0,44.0,0.3236,0.00057274,0.9174,0.161805156,0.3728,-3.5936,0.09792,101.951,False,_mathcore_bands,159,current,"San Diego, California, U.S.", U.S.
159,Jesse Price,past,SeeYouSpaceCowboy,8,['2016-present'],0.0,"San Diego, California, U.S.",0,_mathcore_bands,SeeYouSpaceCowboy,SeeYouSpaceCowboy,SeeYouSpaceCowboy...,spotify:artist:7CFS5X96xBaJft4QdzTTC1,47.0,33535.0,20.0,3.85,77.0,2019-10-19,2021-12-03,2.0,215349.0,40.0,44.0,0.3236,0.00057274,0.9174,0.161805156,0.3728,-3.5936,0.09792,101.951,False,_mathcore_bands,160,current,"San Diego, California, U.S.", U.S.
160,Sal Argento,past,SeeYouSpaceCowboy,8,['2016-present'],0.0,"San Diego, California, U.S.",0,_mathcore_bands,SeeYouSpaceCowboy,SeeYouSpaceCowboy,SeeYouSpaceCowboy...,spotify:artist:7CFS5X96xBaJft4QdzTTC1,47.0,33535.0,20.0,3.85,77.0,2019-10-19,2021-12-03,2.0,215349.0,40.0,44.0,0.3236,0.00057274,0.9174,0.161805156,0.3728,-3.5936,0.09792,101.951,False,_mathcore_bands,161,current,"San Diego, California, U.S.", U.S.
161,Dan Weller,current,Sikth,9,"['1999-2008', '2013-present']",1.0,"Watford, Hertfordshire, England",0,_mathcore_bands,Sikth,Sikth,SikTh,spotify:artist:03mz3G1gu1GPNgAWY4qR2w,34.0,58670.0,20.0,3.85,77.0,2019-10-19,2021-12-03,2.0,229055.6,25.0,40.0,0.3288,0.13744604,0.9168,0.0334911,0.2844,-5.254,0.13918,112.8012,False,_mathcore_bands,162,current,"Watford, Hertfordshire, England", England
162,Mikee Goodman,current,Sikth,9,"['1999-2008', '2013-present']",1.0,"Watford, Hertfordshire, England",0,_mathcore_bands,Sikth,Sikth,SikTh,spotify:artist:03mz3G1gu1GPNgAWY4qR2w,34.0,58670.0,20.0,3.85,77.0,2019-10-19,2021-12-03,2.0,229055.6,25.0,40.0,0.3288,0.13744604,0.9168,0.0334911,0.2844,-5.254,0.13918,112.8012,False,_mathcore_bands,163,current,"Watford, Hertfordshire, England", England
163,Dan Foord,current,Sikth,9,"['1999-2008', '2013-present']",1.0,"Watford, Hertfordshire, England",0,_mathcore_bands,Sikth,Sikth,SikTh,spotify:artist:03mz3G1gu1GPNgAWY4qR2w,34.0,58670.0,20.0,3.85,77.0,2019-10-19,2021-12-03,2.0,229055.6,25.0,40.0,0.3288,0.13744604,0.9168,0.0334911,0.2844,-5.254,0.13918,112.8012,False,_mathcore_bands,164,current,"Watford, Hertfordshire, England", England
164,James Leach,current,Sikth,9,"['1999-2008', '2013-present']",1.0,"Watford, Hertfordshire, England",0,_mathcore_bands,Sikth,Sikth,SikTh,spotify:artist:03mz3G1gu1GPNgAWY4qR2w,34.0,58670.0,20.0,3.85,77.0,2019-10-19,2021-12-03,2.0,229055.6,25.0,40.0,0.3288,0.13744604,0.9168,0.0334911,0.2844,-5.254,0.13918,112.8012,False,_mathcore_bands,165,current,"Watford, Hertfordshire, England", England
165,Graham Pinney,past,Sikth,9,"['1999-2008', '2013-present']",1.0,"Watford, Hertfordshire, England",0,_mathcore_bands,Sikth,Sikth,SikTh,spotify:artist:03mz3G1gu1GPNgAWY4qR2w,34.0,58670.0,20.0,3.85,77.0,2019-10-19,2021-12-03,2.0,229055.6,25.0,40.0,0.3288,0.13744604,0.9168,0.0334911,0.2844,-5.254,0.13918,112.8012,False,_mathcore_bands,166,current,"Watford, Hertfordshire, England", England
166,Tristan Lucey,past,Sikth,9,"['1999-2008', '2013-present']",1.0,"Watford, Hertfordshire, England",0,_mathcore_bands,Sikth,Sikth,SikTh,spotify:artist:03mz3G1gu1GPNgAWY4qR2w,34.0,58670.0,20.0,3.85,77.0,2019-10-19,2021-12-03,2.0,229055.6,25.0,40.0,0.3288,0.13744604,0.9168,0.0334911,0.2844,-5.254,0.13918,112.8012,False,_mathcore_bands,167,current,"Watford, Hertfordshire, England", England
167,Jamie Hunter,past,Sikth,9,"['1999-2008', '2013-present']",1.0,"Watford, Hertfordshire, England",0,_mathcore_bands,Sikth,Sikth,SikTh,spotify:artist:03mz3G1gu1GPNgAWY4qR2w,34.0,58670.0,20.0,3.85,77.0,2019-10-19,2021-12-03,2.0,229055.6,25.0,40.0,0.3288,0.13744604,0.9168,0.0334911,0.2844,-5.254,0.13918,112.8012,False,_mathcore_bands,168,current,"Watford, Hertfordshire, England", England
168,Justin Hill,past,Sikth,9,"['1999-2008', '2013-present']",1.0,"Watford, Hertfordshire, England",0,_mathcore_bands,Sikth,Sikth,SikTh,spotify:artist:03mz3G1gu1GPNgAWY4qR2w,34.0,58670.0,20.0,3.85,77.0,2019-10-19,2021-12-03,2.0,229055.6,25.0,40.0,0.3288,0.13744604,0.9168,0.0334911,0.2844,-5.254,0.13918,112.8012,False,_mathcore_bands,169,current,"Watford, Hertfordshire, England", England
169,Joe Rosser,past,Sikth,9,"['1999-2008', '2013-present']",1.0,"Watford, Hertfordshire, England",0,_mathcore_bands,Sikth,Sikth,SikTh,spotify:artist:03mz3G1gu1GPNgAWY4qR2w,34.0,58670.0,20.0,3.85,77.0,2019-10-19,2021-12-03,2.0,229055.6,25.0,40.0,0.3288,0.13744604,0.9168,0.0334911,0.2844,-5.254,0.13918,112.8012,False,_mathcore_bands,170,current,"Watford, Hertfordshire, England", England
170,Brad Thomson,past,The Tony Danza Tapdance Extravaganza,7,['2004-2012'],0.0,"Murfreesboro, Tennessee, U.S.",0,_mathcore_bands,The Tony Danza Tapdance Extravaganza,The Tony Danza Tapdance Extravaganza,The Tony Danza Tapdance Extravaganza,spotify:artist:54ZsHhYWjJ3cc14rux5CjE,32.0,49011.0,20.0,3.85,77.0,2019-10-19,2021-12-03,2.0,271786.2,25.0,35.0,0.3084,0.00034258,0.9558,0.536956,0.5244,-4.5036000000000005,0.1798,140.80599999999998,False,_mathcore_bands,171,past,"Murfreesboro, Tennessee, U.S.", U.S.
171,Layne Meylain,past,The Tony Danza Tapdance Extravaganza,7,['2004-2012'],0.0,"Murfreesboro, Tennessee, U.S.",0,_mathcore_bands,The Tony Danza Tapdance Extravaganza,The Tony Danza Tapdance Extravaganza,The Tony Danza Tapdance Extravaganza,spotify:artist:54ZsHhYWjJ3cc14rux5CjE,32.0,49011.0,20.0,3.85,77.0,2019-10-19,2021-12-03,2.0,271786.2,25.0,35.0,0.3084,0.00034258,0.9558,0.536956,0.5244,-4.5036000000000005,0.1798,140.80599999999998,False,_mathcore_bands,172,past,"Murfreesboro, Tennessee, U.S.", U.S.
172,Mike Butler,past,The Tony Danza Tapdance Extravaganza,7,['2004-2012'],0.0,"Murfreesboro, Tennessee, U.S.",0,_mathcore_bands,The Tony Danza Tapdance Extravaganza,The Tony Danza Tapdance Extravaganza,The Tony Danza Tapdance Extravaganza,spotify:artist:54ZsHhYWjJ3cc14rux5CjE,32.0,49011.0,20.0,3.85,77.0,2019-10-19,2021-12-03,2.0,271786.2,25.0,35.0,0.3084,0.00034258,0.9558,0.536956,0.5244,-4.5036000000000005,0.1798,140.80599999999998,False,_mathcore_bands,173,past,"Murfreesboro, Tennessee, U.S.", U.S.
173,Mason Crooks,past,The Tony Danza Tapdance Extravaganza,7,['2004-2012'],0.0,"Murfreesboro, Tennessee, U.S.",0,_mathcore_bands,The Tony Danza Tapdance Extravaganza,The Tony Danza Tapdance Extravaganza,The Tony Danza Tapdance Extravaganza,spotify:artist:54ZsHhYWjJ3cc14rux5CjE,32.0,49011.0,20.0,3.85,77.0,2019-10-19,2021-12-03,2.0,271786.2,25.0,35.0,0.3084,0.00034258,0.9558,0.536956,0.5244,-4.5036000000000005,0.1798,140.80599999999998,False,_mathcore_bands,174,past,"Murfreesboro, Tennessee, U.S.", U.S.
174,Jimmy Rhodes,past,The Tony Danza Tapdance Extravaganza,7,['2004-2012'],0.0,"Murfreesboro, Tennessee, U.S.",0,_mathcore_bands,The Tony Danza Tapdance Extravaganza,The Tony Danza Tapdance Extravaganza,The Tony Danza Tapdance Extravaganza,spotify:artist:54ZsHhYWjJ3cc14rux5CjE,32.0,49011.0,20.0,3.85,77.0,2019-10-19,2021-12-03,2.0,271786.2,25.0,35.0,0.3084,0.00034258,0.9558,0.536956,0.5244,-4.5036000000000005,0.1798,140.80599999999998,False,_mathcore_bands,175,past,"Murfreesboro, Tennessee, U.S.", U.S.
175,James Boswell,past,The Tony Danza Tapdance Extravaganza,7,['2004-2012'],0.0,"Murfreesboro, Tennessee, U.S.",0,_mathcore_bands,The Tony Danza Tapdance Extravaganza,The Tony Danza Tapdance Extravaganza,The Tony Danza Tapdance Extravaganza,spotify:artist:54ZsHhYWjJ3cc14rux5CjE,32.0,49011.0,20.0,3.85,77.0,2019-10-19,2021-12-03,2.0,271786.2,25.0,35.0,0.3084,0.00034258,0.9558,0.536956,0.5244,-4.5036000000000005,0.1798,140.80599999999998,False,_mathcore_bands,176,past,"Murfreesboro, Tennessee, U.S.", U.S.
176,Chris Clark,past,The Tony Danza Tapdance Extravaganza,7,['2004-2012'],0.0,"Murfreesboro, Tennessee, U.S.",0,_mathcore_bands,The Tony Danza Tapdance Extravaganza,The Tony Danza Tapdance Extravaganza,The Tony Danza Tapdance Extravaganza,spotify:artist:54ZsHhYWjJ3cc14rux5CjE,32.0,49011.0,20.0,3.85,77.0,2019-10-19,2021-12-03,2.0,271786.2,25.0,35.0,0.3084,0.00034258,0.9558,0.536956,0.5244,-4.5036000000000005,0.1798,140.80599999999998,False,_mathcore_bands,177,past,"Murfreesboro, Tennessee, U.S.", U.S.
177,Gareth Fritz,past,The Tony Danza Tapdance Extravaganza,7,['2004-2012'],0.0,"Murfreesboro, Tennessee, U.S.",0,_mathcore_bands,The Tony Danza Tapdance Extravaganza,The Tony Danza Tapdance Extravaganza,The Tony Danza Tapdance Extravaganza,spotify:artist:54ZsHhYWjJ3cc14rux5CjE,32.0,49011.0,20.0,3.85,77.0,2019-10-19,2021-12-03,2.0,271786.2,25.0,35.0,0.3084,0.00034258,0.9558,0.536956,0.5244,-4.5036000000000005,0.1798,140.80599999999998,False,_mathcore_bands,178,past,"Murfreesboro, Tennessee, U.S.", U.S.
178,Brandon Bateman,past,The Tony Danza Tapdance Extravaganza,7,['2004-2012'],0.0,"Murfreesboro, Tennessee, U.S.",0,_mathcore_bands,The Tony Danza Tapdance Extravaganza,The Tony Danza Tapdance Extravaganza,The Tony Danza Tapdance Extravaganza,spotify:artist:54ZsHhYWjJ3cc14rux5CjE,32.0,49011.0,20.0,3.85,77.0,2019-10-19,2021-12-03,2.0,271786.2,25.0,35.0,0.3084,0.00034258,0.9558,0.536956,0.5244,-4.5036000000000005,0.1798,140.80599999999998,False,_mathcore_bands,179,past,"Murfreesboro, Tennessee, U.S.", U.S.
179,Paul Simpson,past,The Tony Danza Tapdance Extravaganza,7,['2004-2012'],0.0,"Murfreesboro, Tennessee, U.S.",0,_mathcore_bands,The Tony Danza Tapdance Extravaganza,The Tony Danza Tapdance Extravaganza,The Tony Danza Tapdance Extravaganza,spotify:artist:54ZsHhYWjJ3cc14rux5CjE,32.0,49011.0,20.0,3.85,77.0,2019-10-19,2021-12-03,2.0,271786.2,25.0,35.0,0.3084,0.00034258,0.9558,0.536956,0.5244,-4.5036000000000005,0.1798,140.80599999999998,False,_mathcore_bands,180,past,"Murfreesboro, Tennessee, U.S.", U.S.
180,James Rogen,past,The Tony Danza Tapdance Extravaganza,7,['2004-2012'],0.0,"Murfreesboro, Tennessee, U.S.",0,_mathcore_bands,The Tony Danza Tapdance Extravaganza,The Tony Danza Tapdance Extravaganza,The Tony Danza Tapdance Extravaganza,spotify:artist:54ZsHhYWjJ3cc14rux5CjE,32.0,49011.0,20.0,3.85,77.0,2019-10-19,2021-12-03,2.0,271786.2,25.0,35.0,0.3084,0.00034258,0.9558,0.536956,0.5244,-4.5036000000000005,0.1798,140.80599999999998,False,_mathcore_bands,181,past,"Murfreesboro, Tennessee, U.S.", U.S.
181,Mike Bradley,past,The Tony Danza Tapdance Extravaganza,7,['2004-2012'],0.0,"Murfreesboro, Tennessee, U.S.",0,_mathcore_bands,The Tony Danza Tapdance Extravaganza,The Tony Danza Tapdance Extravaganza,The Tony Danza Tapdance Extravaganza,spotify:artist:54ZsHhYWjJ3cc14rux5CjE,32.0,49011.0,20.0,3.85,77.0,2019-10-19,2021-12-03,2.0,271786.2,25.0,35.0,0.3084,0.00034258,0.9558,0.536956,0.5244,-4.5036000000000005,0.1798,140.80599999999998,False,_mathcore_bands,182,past,"Murfreesboro, Tennessee, U.S.", U.S.
182,Kim Byung Hoon,past,The Tony Danza Tapdance Extravaganza,7,['2004-2012'],0.0,"Murfreesboro, Tennessee, U.S.",0,_mathcore_bands,The Tony Danza Tapdance Extravaganza,The Tony Danza Tapdance Extravaganza,The Tony Danza Tapdance Extravaganza,spotify:artist:54ZsHhYWjJ3cc14rux5CjE,32.0,49011.0,20.0,3.85,77.0,2019-10-19,2021-12-03,2.0,271786.2,25.0,35.0,0.3084,0.00034258,0.9558,0.536956,0.5244,-4.5036000000000005,0.1798,140.80599999999998,False,_mathcore_bands,183,past,"Murfreesboro, Tennessee, U.S.", U.S.
183,Phil Lockett,past,The Tony Danza Tapdance Extravaganza,7,['2004-2012'],0.0,"Murfreesboro, Tennessee, U.S.",0,_mathcore_bands,The Tony Danza Tapdance Extravaganza,The Tony Danza Tapdance Extravaganza,The Tony Danza Tapdance Extravaganza,spotify:artist:54ZsHhYWjJ3cc14rux5CjE,32.0,49011.0,20.0,3.85,77.0,2019-10-19,2021-12-03,2.0,271786.2,25.0,35.0,0.3084,0.00034258,0.9558,0.536956,0.5244,-4.5036000000000005,0.1798,140.80599999999998,False,_mathcore_bands,184,past,"Murfreesboro, Tennessee, U.S.", U.S.
184,Djed Cyril,past,The Tony Danza Tapdance Extravaganza,7,['2004-2012'],0.0,"Murfreesboro, Tennessee, U.S.",0,_mathcore_bands,The Tony Danza Tapdance Extravaganza,The Tony Danza Tapdance Extravaganza,The Tony Danza Tapdance Extravaganza,spotify:artist:54ZsHhYWjJ3cc14rux5CjE,32.0,49011.0,20.0,3.85,77.0,2019-10-19,2021-12-03,2.0,271786.2,25.0,35.0,0.3084,0.00034258,0.9558,0.536956,0.5244,-4.5036000000000005,0.1798,140.80599999999998,False,_mathcore_bands,185,past,"Murfreesboro, Tennessee, U.S.", U.S.
185,Josh Travis,past,The Tony Danza Tapdance Extravaganza,7,['2004-2012'],0.0,"Murfreesboro, Tennessee, U.S.",0,_mathcore_bands,The Tony Danza Tapdance Extravaganza,The Tony Danza Tapdance Extravaganza,The Tony Danza Tapdance Extravaganza,spotify:artist:54ZsHhYWjJ3cc14rux5CjE,32.0,49011.0,20.0,3.85,77.0,2019-10-19,2021-12-03,2.0,271786.2,25.0,35.0,0.3084,0.00034258,0.9558,0.536956,0.5244,-4.5036000000000005,0.1798,140.80599999999998,False,_mathcore_bands,186,past,"Murfreesboro, Tennessee, U.S.", U.S.
186,Kade Dodson,past,The Tony Danza Tapdance Extravaganza,7,['2004-2012'],0.0,"Murfreesboro, Tennessee, U.S.",0,_mathcore_bands,The Tony Danza Tapdance Extravaganza,The Tony Danza Tapdance Extravaganza,The Tony Danza Tapdance Extravaganza,spotify:artist:54ZsHhYWjJ3cc14rux5CjE,32.0,49011.0,20.0,3.85,77.0,2019-10-19,2021-12-03,2.0,271786.2,25.0,35.0,0.3084,0.00034258,0.9558,0.536956,0.5244,-4.5036000000000005,0.1798,140.80599999999998,False,_mathcore_bands,187,past,"Murfreesboro, Tennessee, U.S.", U.S.
187,Anthony DiDio,current,Vein.fm,9,['2013-present'],0.0,"Boston, Massachusetts, U.S.",0,_mathcore_bands,Vein.fm,Vein.fm,Vein.fm,spotify:artist:2Tdam2PJSlCVwbMyytI10r,16.0,3.0,20.0,3.85,77.0,2019-10-19,2021-12-03,2.0,71530.75,17.0,24.0,0.2794999999999999,0.000639075,0.992,0.00554,0.3,-2.6950000000000003,0.235,107.60175,False,_mathcore_bands,188,current,"Boston, Massachusetts, U.S.", U.S.
188,Jeremy Martin,current,Vein.fm,9,['2013-present'],0.0,"Boston, Massachusetts, U.S.",0,_mathcore_bands,Vein.fm,Vein.fm,Vein.fm,spotify:artist:2Tdam2PJSlCVwbMyytI10r,16.0,3.0,20.0,3.85,77.0,2019-10-19,2021-12-03,2.0,71530.75,17.0,24.0,0.2794999999999999,0.000639075,0.992,0.00554,0.3,-2.6950000000000003,0.235,107.60175,False,_mathcore_bands,189,current,"Boston, Massachusetts, U.S.", U.S.
189,Jon Lhaubouet,current,Vein.fm,9,['2013-present'],0.0,"Boston, Massachusetts, U.S.",0,_mathcore_bands,Vein.fm,Vein.fm,Vein.fm,spotify:artist:2Tdam2PJSlCVwbMyytI10r,16.0,3.0,20.0,3.85,77.0,2019-10-19,2021-12-03,2.0,71530.75,17.0,24.0,0.2794999999999999,0.000639075,0.992,0.00554,0.3,-2.6950000000000003,0.235,107.60175,False,_mathcore_bands,190,current,"Boston, Massachusetts, U.S.", U.S.
190,Josh Butts,current,Vein.fm,9,['2013-present'],0.0,"Boston, Massachusetts, U.S.",0,_mathcore_bands,Vein.fm,Vein.fm,Vein.fm,spotify:artist:2Tdam2PJSlCVwbMyytI10r,16.0,3.0,20.0,3.85,77.0,2019-10-19,2021-12-03,2.0,71530.75,17.0,24.0,0.2794999999999999,0.000639075,0.992,0.00554,0.3,-2.6950000000000003,0.235,107.60175,False,_mathcore_bands,191,current,"Boston, Massachusetts, U.S.", U.S.
191,Matt Wood,current,Vein.fm,9,['2013-present'],0.0,"Boston, Massachusetts, U.S.",0,_mathcore_bands,Vein.fm,Vein.fm,Vein.fm,spotify:artist:2Tdam2PJSlCVwbMyytI10r,16.0,3.0,20.0,3.85,77.0,2019-10-19,2021-12-03,2.0,71530.75,17.0,24.0,0.2794999999999999,0.000639075,0.992,0.00554,0.3,-2.6950000000000003,0.235,107.60175,False,_mathcore_bands,192,current,"Boston, Massachusetts, U.S.", U.S.
192,Benno Levine,current,Vein.fm,9,['2013-present'],0.0,"Boston, Massachusetts, U.S.",0,_mathcore_bands,Vein.fm,Vein.fm,Vein.fm,spotify:artist:2Tdam2PJSlCVwbMyytI10r,16.0,3.0,20.0,3.85,77.0,2019-10-19,2021-12-03,2.0,71530.75,17.0,24.0,0.2794999999999999,0.000639075,0.992,0.00554,0.3,-2.6950000000000003,0.235,107.60175,False,_mathcore_bands,193,current,"Boston, Massachusetts, U.S.", U.S.
193,Sean Watson,past,Vein.fm,9,['2013-present'],0.0,"Boston, Massachusetts, U.S.",0,_mathcore_bands,Vein.fm,Vein.fm,Vein.fm,spotify:artist:2Tdam2PJSlCVwbMyytI10r,16.0,3.0,20.0,3.85,77.0,2019-10-19,2021-12-03,2.0,71530.75,17.0,24.0,0.2794999999999999,0.000639075,0.992,0.00554,0.3,-2.6950000000000003,0.235,107.60175,False,_mathcore_bands,194,current,"Boston, Massachusetts, U.S.", U.S.
194,Nico Webers,current,War from a Harlots Mouth,7,"['2005', '2005', '2013', '2013', '2020', '2020']",5.0,"Berlin, Germany",0,_mathcore_bands,War from a Harlots Mouth,War from a Harlots Mouth,War From A Harlots Mouth,spotify:artist:4FocPJwzbahiStoi3tbF9R,21.0,16313.0,20.0,3.85,77.0,2019-10-19,2021-12-03,2.0,135874.2,13.0,28.0,0.3934,0.00052838,0.9248,0.0086954,0.2514,-4.123,0.13256,114.5538,False,_mathcore_bands,195,current,"Berlin, Germany", Germany
195,Simon Hawemann,current,War from a Harlots Mouth,7,"['2005', '2005', '2013', '2013', '2020', '2020']",5.0,"Berlin, Germany",0,_mathcore_bands,War from a Harlots Mouth,War from a Harlots Mouth,War From A Harlots Mouth,spotify:artist:4FocPJwzbahiStoi3tbF9R,21.0,16313.0,20.0,3.85,77.0,2019-10-19,2021-12-03,2.0,135874.2,13.0,28.0,0.3934,0.00052838,0.9248,0.0086954,0.2514,-4.123,0.13256,114.5538,False,_mathcore_bands,196,current,"Berlin, Germany", Germany
196,Daniel Oberländer,current,War from a Harlots Mouth,7,"['2005', '2005', '2013', '2013', '2020', '2020']",5.0,"Berlin, Germany",0,_mathcore_bands,War from a Harlots Mouth,War from a Harlots Mouth,War From A Harlots Mouth,spotify:artist:4FocPJwzbahiStoi3tbF9R,21.0,16313.0,20.0,3.85,77.0,2019-10-19,2021-12-03,2.0,135874.2,13.0,28.0,0.3934,0.00052838,0.9248,0.0086954,0.2514,-4.123,0.13256,114.5538,False,_mathcore_bands,197,current,"Berlin, Germany", Germany
197,Filip Hantusch,current,War from a Harlots Mouth,7,"['2005', '2005', '2013', '2013', '2020', '2020']",5.0,"Berlin, Germany",0,_mathcore_bands,War from a Harlots Mouth,War from a Harlots Mouth,War From A Harlots Mouth,spotify:artist:4FocPJwzbahiStoi3tbF9R,21.0,16313.0,20.0,3.85,77.0,2019-10-19,2021-12-03,2.0,135874.2,13.0,28.0,0.3934,0.00052838,0.9248,0.0086954,0.2514,-4.123,0.13256,114.5538,False,_mathcore_bands,198,current,"Berlin, Germany", Germany
198,Paule Seidel,current,War from a Harlots Mouth,7,"['2005', '2005', '2013', '2013', '2020', '2020']",5.0,"Berlin, Germany",0,_mathcore_bands,War from a Harlots Mouth,War from a Harlots Mouth,War From A Harlots Mouth,spotify:artist:4FocPJwzbahiStoi3tbF9R,21.0,16313.0,20.0,3.85,77.0,2019-10-19,2021-12-03,2.0,135874.2,13.0,28.0,0.3934,0.00052838,0.9248,0.0086954,0.2514,-4.123,0.13256,114.5538,False,_mathcore_bands,199,current,"Berlin, Germany", Germany
199,Steffen Winopal,past,War from a Harlots Mouth,7,"['2005', '2005', '2013', '2013', '2020', '2020']",5.0,"Berlin, Germany",0,_mathcore_bands,War from a Harlots Mouth,War from a Harlots Mouth,War From A Harlots Mouth,spotify:artist:4FocPJwzbahiStoi3tbF9R,21.0,16313.0,20.0,3.85,77.0,2019-10-19,2021-12-03,2.0,135874.2,13.0,28.0,0.3934,0.00052838,0.9248,0.0086954,0.2514,-4.123,0.13256,114.5538,False,_mathcore_bands,200,current,"Berlin, Germany", Germany
200,Steve Jones,past,War from a Harlots Mouth,7,"['2005', '2005', '2013', '2013', '2020', '2020']",5.0,"Berlin, Germany",0,_mathcore_bands,War from a Harlots Mouth,War from a Harlots Mouth,War From A Harlots Mouth,spotify:artist:4FocPJwzbahiStoi3tbF9R,21.0,16313.0,20.0,3.85,77.0,2019-10-19,2021-12-03,2.0,135874.2,13.0,28.0,0.3934,0.00052838,0.9248,0.0086954,0.2514,-4.123,0.13256,114.5538,False,_mathcore_bands,201,current,"Berlin, Germany", Germany
