,Group_name_(wiki),Group_name_(spoti)_x,Spotify_id,Group_popularity,Group_followers,Group_name_(spoti)_y,count_albums,mean_tracks_per_album,total_tracks,earliest_release_date,latest_release_date,longevity,Group_name_(spoti),mean_song_length,min_song_popularity,max_song_popularity,mean_song_danceability,mean_song_acousticness,mean_song_energy,mean_song_instrumentalness,mean_song_liveness,mean_song_loudness,mean_song_speechiness,mean_song_tempo,song_popularity_range,genre,band_number,attr,origin,origin_clean
0,Krokus,Krokus,spotify:artist:4YveAIZNQZBiWbt7iWsvCa,47.0,223115.0,Krokus,20.0,12.2,244.0,1984-02-20,2021-02-19,37.0,Krokus,270876.1,34.0,52.0,0.5379,0.0121508,0.7274,0.242673,0.20389000000000002,-9.114,0.036989999999999995,116.2623,18.0,glam_metal_bands_and_a,1,current,"Solothurn, Switzerland", Switzerland
1,London,London Symphony Orchestra,spotify:artist:5yxyJsFanEAuwSM5kOuZKc,75.0,233876.0,London Symphony Orchestra,20.0,15.6,312.0,2021-06-11,2021-11-19,0.0,London Symphony Orchestra,273634.8,48.0,62.0,0.3246,0.6887,0.26106,0.560362811,0.10833,-16.334200000000006,0.0485,102.3661,14.0,glam_metal_bands_and_a,2,current,"Los Angeles, California, U.S.", U.S.
2,Thor,Thor,spotify:artist:4DLElWKADc3A99XmSXwCMj,25.0,6157.0,Thor,20.0,15.4,308.0,2001-07-01,2021-07-16,20.0,Thor,229499.6,13.0,27.0,0.3851000000000001,0.07955131800000001,0.8170000000000001,0.55277,0.20914,-7.424900000000001,0.05866,129.25049999999996,14.0,glam_metal_bands_and_a,3,current,"Vancouver, British Columbia, Canada", Canada
3,Accept,Accept,spotify:artist:3JDIAtVrJdQ7GFOX26LYpv,60.0,685150.0,Accept,20.0,14.6,292.0,1986-10-31,2021-01-29,35.0,Accept,300692.9,48.0,60.0,0.4994000000000001,0.004892339999999999,0.8415999999999999,0.05929297,0.20023000000000005,-6.611199999999998,0.06382,130.5421,12.0,glam_metal_bands_and_a,4,current,"Solingen, West Germany", West Germany
4,Kix,Kix,spotify:artist:45KpBChrKYWhTlU6N57ofu,45.0,201835.0,Kix,20.0,16.4,328.0,1981,2021-11-05,40.0,Kix,251632.9,28.0,53.0,0.5923999999999999,0.02905352,0.7423,0.073418397,0.35204,-11.392000000000001,0.042789999999999995,121.86029999999998,25.0,glam_metal_bands_and_a,5,current,"Hagerstown, Maryland, US", US
5,Montrose,Montrose,spotify:artist:0VdoLGGpWcDZnzep6SSTdP,41.0,154680.0,Montrose,20.0,22.65,453.0,1973,2021-11-19,48.0,Montrose,238754.3,22.0,50.0,0.3882,0.044582300000000005,0.8171999999999999,0.0011304339999999998,0.30288000000000004,-10.2324,0.051879999999999996,129.1868,28.0,glam_metal_bands_and_a,6,past,"California, U.S.", U.S.
6,Hanoi Rocks,Hanoi Rocks,spotify:artist:5CW2x4YosugZJZZCWA0kBI,41.0,52205.0,Hanoi Rocks,20.0,19.6,392.0,1984,2016-11-25,32.0,Hanoi Rocks,252047.7,17.0,41.0,0.4411,0.014187219999999997,0.8091000000000002,0.07287,0.21609,-8.4697,0.06377000000000001,126.0949,24.0,glam_metal_bands_and_a,7,past,"Helsinki, Finland", Finland
7,Bitch,Bitch,spotify:artist:4H491qyJyIbXqwzJAtpJRl,10.0,4036.0,Bitch,8.0,14.25,114.0,1987,2016-12-09,29.0,Bitch,270429.0,4.0,12.0,0.3705,0.005383420000000001,0.8739999999999999,0.10887627299999998,0.20859,-8.226199999999999,0.07955,136.8318,8.0,glam_metal_bands_and_a,8,current,"Los Angeles, California", California
8,Heart,Heart,spotify:artist:34jw2BbxjoYalTp8cJFCPv,68.0,1788977.0,Heart,20.0,14.05,281.0,2003-06-11,2021-11-01,18.0,Heart,293065.7,50.0,74.0,0.4762000000000001,0.26575000000000004,0.5418,0.011353640000000002,0.28399,-11.1784,0.03955,122.0376,24.0,glam_metal_bands_and_a,9,current,"Seattle, Washington, US", US
9,Ratt,Ratt,spotify:artist:3tufWJzpCiAGleBt5TkmTn,58.0,809009.0,Ratt,20.0,20.65,413.0,1984,2021-10-29,37.0,Ratt,233318.3,43.0,65.0,0.5811,0.007628699999999999,0.8572,0.013800408,0.17362000000000002,-9.1879,0.0478,123.65290000000002,22.0,glam_metal_bands_and_a,10,current,"San Diego,  California, U.S.A.", U.S.A.
10,Rough Cutt,Rough Cutt,spotify:artist:0PtXc1FFcAOKZjp5TXuH9c,31.0,13400.0,Rough Cutt,20.0,28.8,576.0,1985,2021-11-11,36.0,Rough Cutt,257602.8,14.0,42.0,0.3769,0.0009302,0.7994999999999999,0.000273205,0.208,-7.715299999999999,0.06704000000000003,116.6698,28.0,glam_metal_bands_and_a,11,current,"Los Angeles, California, U.S.", U.S.
11,Tesla,Tesla,spotify:artist:0dgnITyIAN4NrmUVisvxHU,56.0,701989.0,Tesla,20.0,13.6,272.0,1986-01-01,2020-03-27,34.0,Tesla,289078.3,39.0,59.0,0.4247,0.08965200000000001,0.7262000000000001,0.004004915,0.26216999999999996,-9.1842,0.04803,111.8145,20.0,glam_metal_bands_and_a,12,current,"Sacramento, California, U.S.", U.S.
12,Dokken,Dokken,spotify:artist:09hNSPPOxDop4FRdr6UEnq,54.0,500472.0,Dokken,20.0,12.6,252.0,1997-04-15,2020-08-28,23.0,Dokken,271879.6,43.0,59.0,0.5229,0.023467400000000003,0.8397,0.07770870099999999,0.17777,-7.8586,0.049780000000000005,123.14,16.0,glam_metal_bands_and_a,13,current,"Los Angeles, California, U.S.", U.S.
13,Kiss,KISS,spotify:artist:07XSN3sPlIlB2L2XNcTwJw,74.0,6529029.0,KISS,20.0,24.55,491.0,1993-05-18,2021-11-19,28.0,KISS,221191.8,61.0,82.0,0.5620999999999999,0.1169102,0.8480000000000001,0.009134485,0.21165000000000006,-7.049800000000002,0.060389999999999985,135.59799999999998,21.0,glam_metal_bands_and_a,14,current,"New York City, United States", U.S.
14,Icon,ICON,spotify:artist:4oawINl9WYHGjlW5a0oK4c,26.0,6137.0,ICON,20.0,23.0,460.0,1984-07-07,2021-11-26,37.0,ICON,233394.3,18.0,28.0,0.4128,0.018924127,0.8678000000000001,0.041889672999999995,0.15037999999999999,-7.522499999999999,0.07113,119.244,10.0,glam_metal_bands_and_a,15,current,"Phoenix, Arizona, United States", U.S.
15,Warrant,Warrant,spotify:artist:7HLvzuM9p11k9lUQfSM4Rq,58.0,927073.0,Warrant,20.0,9.75,195.0,1989,2017-05-24,28.0,Warrant,237095.7,36.0,64.0,0.4926,0.08821599999999999,0.6869000000000001,6.6433e-05,0.23044,-8.3731,0.05295,136.5993,28.0,glam_metal_bands_and_a,16,current,"Hollywood, Los Angeles, California, U.S.", U.S.
16,Tokyo Blade,Tokyo Blade,spotify:artist:6F9tjDKhGtXlm9M4s30KD5,30.0,28668.0,Tokyo Blade,20.0,15.25,305.0,2008-01-01,2021-11-26,13.0,Tokyo Blade,275550.3,9.0,36.0,0.304,0.0011626639999999999,0.8286000000000001,0.22987507199999996,0.17235,-8.7542,0.07067999999999999,124.84399999999998,27.0,glam_metal_bands_and_a,17,current,"Salisbury, Wiltshire, England", England
17,The Cult,The Cult,spotify:artist:49DW3KvkyjHO35mK1JnSyS,61.0,493717.0,The Cult,20.0,13.4,268.0,1991-09-23,2016-02-05,25.0,The Cult,262237.0,44.0,71.0,0.4771000000000001,0.021502406,0.8364999999999998,0.17437960000000002,0.18177000000000004,-7.8899,0.053590000000000006,126.9922,27.0,glam_metal_bands_and_a,18,current,"Bradford, West Yorkshire, England", England
18,Cinderella,Cinderella,spotify:artist:7HL4id2U7FSDJtfKQHMgQx,59.0,1224416.0,Cinderella,20.0,20.6,412.0,1986,2021-10-01,35.0,Cinderella,270817.1,44.0,63.0,0.5057,0.07294729999999999,0.7085,0.057170500000000006,0.18567999999999998,-10.5814,0.03308,119.7684,19.0,glam_metal_bands_and_a,19,past,"Philadelphia, Pennsylvania, U.S.", U.S.
19,Judas Priest,Judas Priest,spotify:artist:2tRsMl4eGxwoNabM08Dm4I,68.0,2905268.0,Judas Priest,20.0,17.05,341.0,1988-05-03,2021-10-15,33.0,Judas Priest,282413.1,52.0,70.0,0.4735,0.02704959,0.8482,0.057051787,0.16176,-6.2059,0.06939000000000001,125.44250000000002,18.0,glam_metal_bands_and_a,20,current,"Birmingham, England[1]", England[1]
20,Easy Action,Easy Action,spotify:artist:3NVBzrHgfRk9t5nlgSzKhd,3.0,842.0,Easy Action,3.0,7.333333333333332,22.0,2001,2009-05-12,8.0,Easy Action,222741.0,1.0,4.0,0.2517,0.00018302,0.9304,0.7982,0.28183,-4.9577,0.10565,128.19570000000002,3.0,glam_metal_bands_and_a,21,current,"Stockholm, Sweden", Sweden
21,Black 'n Blue,Black 'N Blue,spotify:artist:6PVybt9IzBGmVr8Md7EP08,30.0,62806.0,Black 'N Blue,20.0,45.85,917.0,1984,2013-05-01,29.0,Black 'N Blue,245054.4,13.0,35.0,0.4321,0.021271599999999998,0.8950000000000001,5.745200000000001e-05,0.12255,-4.5326,0.07841000000000001,137.78490000000002,22.0,glam_metal_bands_and_a,22,current,"Portland, Oregon, United States", U.S.
22,Loudness,LOUDNESS,spotify:artist:2bjzKs28cL5EVKB0xqUGuJ,39.0,61694.0,LOUDNESS,20.0,20.5,410.0,2014-09-17,2020-09-23,6.0,LOUDNESS,284074.2,21.0,34.0,0.4814,0.01436646,0.7703,0.06444083,0.2329,-10.3575,0.03623,144.32670000000005,13.0,glam_metal_bands_and_a,23,current,"Osaka, Japan", Japan
23,Hardline,Hardline,spotify:artist:3caJ5Uy9aHZv7wVSNqwwjc,42.0,51359.0,Hardline,20.0,6.55,131.0,1992-05-08,2021-07-09,29.0,Hardline,268099.0,21.0,47.0,0.4271,0.09314293,0.8021,0.040237929999999984,0.25441,-8.133099999999999,0.04823,126.7887,26.0,glam_metal_bands_and_a,24,current,"Los Angeles, United States", U.S.
24,Y&T,Y&T,spotify:artist:49Cw140t9jupn4S3udehoP,45.0,155045.0,Y&T,20.0,11.3,226.0,1981,2018-01-05,37.0,Y&T,275265.2,27.0,47.0,0.3774,0.020189099999999998,0.9213,0.0016243320000000002,0.26652,-4.1026,0.06244000000000001,134.91420000000002,20.0,glam_metal_bands_and_a,25,current,"Oakland, California, U.S.", U.S.
25,Kick Axe,Kick Axe,spotify:artist:0zoCulj9Wm2A6fve6S6Khy,19.0,6628.0,Kick Axe,4.0,10.0,40.0,1984-06-24,2011-08-15,27.0,Kick Axe,252294.2,11.0,19.0,0.3983,0.0186273,0.8664,3.1561999999999994e-05,0.31697999999999993,-5.8535,0.06713000000000001,110.3837,8.0,glam_metal_bands_and_a,26,current,"Regina, Saskatchewan, Canada", Canada
26,Great White,Great White,spotify:artist:6ZPbX2Lxd40e2UVkXpyxvI,54.0,679284.0,Great White,20.0,13.65,273.0,1999-06-25,2019-10-16,20.0,Great White,309053.2,31.0,62.0,0.5521,0.16189499999999998,0.5973999999999999,0.08301109400000001,0.17277,-11.4241,0.04098,129.41760000000005,31.0,glam_metal_bands_and_a,27,current,"Los Angeles, California, U.S.", U.S.
27,Halloween,Halloween,spotify:artist:5Ure3b6cjh5Gk29qg82eym,36.0,16440.0,Halloween,20.0,29.5,590.0,2021-09-02,2021-11-04,0.0,Halloween,148393.5,21.0,41.0,0.5277000000000001,0.586568,0.44211000000000006,0.2181497,0.23791,-11.8012,0.20324,121.76,20.0,glam_metal_bands_and_a,28,current,"Detroit, Michigan, U.S.", U.S.
28,Queensrÿche,Queensrÿche,spotify:artist:2OgUPVlWYgGBGMefZgGvCO,58.0,492101.0,Queensrÿche,20.0,15.4,308.0,2001-09-25,2020-10-15,19.0,Queensrÿche,324882.3,42.0,65.0,0.4524,0.041766500000000005,0.9095,0.0008731829999999999,0.31791,-3.8661000000000008,0.08752,116.8107,23.0,glam_metal_bands_and_a,29,current,"Bellevue, Washington, U.S.", U.S.
29,The Quireboys,The Quireboys,spotify:artist:0d49iRrp4iVZggKbcpxnqI,38.0,40254.0,The Quireboys,20.0,18.0,360.0,2002-06-12,2021-07-23,19.0,The Quireboys,226710.2,2.0,30.0,0.5274,0.040800100000000006,0.7367,2.1975999999999998e-05,0.4017000000000001,-10.4098,0.03275,122.3362,28.0,glam_metal_bands_and_a,30,current,"London, England", England
30,Discharge,Discharge,spotify:artist:5SRhOM75OnwuXH8BmCxD5a,40.0,75729.0,Discharge,20.0,20.55,411.0,1982-05-21,2020-02-21,38.0,Discharge,126582.7,27.0,39.0,0.2717,0.031814311000000005,0.9359,0.21633722,0.14463,-7.0896,0.17412,149.71120000000005,12.0,glam_metal_bands_and_a,31,current,"Stoke-on-Trent, Staffordshire, England", England
31,Guns N' Roses,Guns N' Roses,spotify:artist:3qm84nBOXUEQ2vnTfUTTFC,80.0,22605285.0,Guns N' Roses,20.0,15.0,300.0,1987-07-21,2021-10-01,34.0,Guns N' Roses,353429.1,68.0,80.0,0.3818,0.09529800000000001,0.7735000000000001,0.13329270000000001,0.1793,-7.657199999999999,0.06365,124.94969999999998,12.0,glam_metal_bands_and_a,32,current,"Los Angeles, California, U.S.", U.S.
32,Scorpions,Scorpions,spotify:artist:27T030eWyCQRmDyuvr1kxY,74.0,5068142.0,Scorpions,20.0,14.85,297.0,2004,2016-03-11,12.0,Scorpions,292426.4,40.0,79.0,0.3999,0.096324,0.6421000000000001,0.00174871,0.14106999999999995,-7.7844000000000015,0.048430000000000015,113.2333,39.0,glam_metal_bands_and_a,33,current,"Hanover, West Germany", West Germany
33,X Japan,X JAPAN,spotify:artist:4VrqQQy6X0hlMtqY5gp6Wx,51.0,442427.0,X JAPAN,20.0,9.35,187.0,1988-04-14,2017-03-03,29.0,X JAPAN,420334.9,32.0,46.0,0.3833,0.07985460000000001,0.7814,0.005569655,0.17972000000000002,-5.595700000000001,0.11578,132.4417,14.0,glam_metal_bands_and_a,34,current,"Tateyama, Chiba, Japan", Japan
34,Tuff,TUFF,spotify:artist:0Bx9xRN9YnTWyJIZz4xXhn,30.0,5.0,TUFF,1.0,1.0,1.0,2021-10-15,2021-10-15,0.0,0,0.0,0.0,0.0,0.0,0.0,0.0,0.0,0.0,0.0,0.0,0.0,0.0,glam_metal_bands_and_a,35,current,"Phoenix, Arizona, United States", U.S.
35,Mötley Crüe,Mötley Crüe,spotify:artist:0cc6vw3VN8YlIcvr1v7tBL,72.0,3595402.0,Mötley Crüe,20.0,14.45,289.0,1987,2021-11-10,34.0,Mötley Crüe,246665.0,61.0,77.0,0.4777,0.01958802,0.9276000000000002,0.0017940449999999995,0.31477,-4.8522,0.09192000000000003,123.8729,16.0,glam_metal_bands_and_a,36,current,"Los Angeles, California, U.S.", U.S.
36,Europe,Europe,spotify:artist:7Js6Lde8thlIHXggv2SCBz,66.0,1131925.0,Europe,20.0,17.6,352.0,2009-09-18,2017-10-20,8.0,Europe,264432.7,37.0,77.0,0.4991,0.129814,0.6837000000000001,0.00061235,0.21199000000000004,-8.7044,0.04086,121.0595,40.0,glam_metal_bands_and_a,37,current,"Upplands Väsby, Sweden", Sweden
37,White Lion,White Lion,spotify:artist:3nLYJvqbEzs5kg2TlprxIG,55.0,647995.0,White Lion,20.0,19.8,396.0,1985-11-09,2021-10-29,36.0,White Lion,274753.0,39.0,62.0,0.3914,0.13140325,0.6041000000000001,0.002296023,0.15649000000000002,-9.4764,0.043230000000000005,137.4336,23.0,glam_metal_bands_and_a,38,past,"New York City, United States", U.S.
38,Night Ranger,Night Ranger,spotify:artist:1Ha0Fz4i0d4gu5fZbhBCtH,54.0,513558.0,Night Ranger,20.0,12.4,248.0,1987-01-01,2021-08-06,34.0,Night Ranger,261663.7,32.0,65.0,0.5304,0.07213620000000001,0.6583,0.000391695,0.16549,-12.8338,0.038570000000000014,133.08350000000002,33.0,glam_metal_bands_and_a,39,current,"San Francisco, California, US", US
39,Jetboy,Jetboy,spotify:artist:5mBf7eusalyTh54NbiaWlR,19.0,14583.0,Jetboy,20.0,10.1,202.0,1988-02-14,2020-05-09,32.0,Jetboy,259877.5,8.0,27.0,0.4344,0.0139779,0.7444,0.08477511899999997,0.15282,-8.271799999999999,0.055790000000000006,136.6947,19.0,glam_metal_bands_and_a,40,current,"San Francisco, California", California
40,Every Mother's Nightmare,Every Mothers Nightmare,spotify:artist:0e5ml7Zdz5m0VXPGqzwkvD,21.0,12736.0,Every Mothers Nightmare,6.0,10.5,63.0,1990-09-02,2020-10-23,30.0,Every Mothers Nightmare,275931.6,8.0,31.0,0.4065,0.004884930000000001,0.8564,0.032461141000000006,0.09266,-8.964699999999997,0.06342,107.6411,23.0,glam_metal_bands_and_a,41,current,"Memphis, Tennessee, United States", U.S.
41,Takara,Takara,spotify:artist:0s4pACwkFS6Zo2zKs0YpYx,22.0,1424.0,Takara,20.0,1.0,20.0,2019-03-14,2021-07-30,2.0,Takara,215485.7,6.0,35.0,0.6594,0.29188000000000003,0.4305,0.001941,0.14715000000000006,-10.8972,0.049649999999999986,112.63000000000002,29.0,glam_metal_bands_and_a,42,past,United States,United States
42,Steelheart,STEELHEART,spotify:artist:0ecbvwhuhiEAWOLHlRXpqD,48.0,244391.0,STEELHEART,20.0,7.2,144.0,1991,2021-06-18,30.0,STEELHEART,364537.0,27.0,51.0,0.3823,0.1055673,0.5647000000000001,0.13314493600000002,0.25365,-10.0216,0.040010000000000004,128.02839999999998,24.0,glam_metal_bands_and_a,43,current,"Norwalk, Connecticut, U.S.", U.S.
43,Tigertailz,Tigertailz,spotify:artist:1xo5zONg7VWkVmR0I0YO4d,20.0,16371.0,Tigertailz,17.0,10.0,170.0,2006,2017-09-16,11.0,Tigertailz,247478.4,10.0,24.0,0.4377000000000001,0.0313411,0.7891,0.09485811,0.24012000000000006,-11.5126,0.049260000000000005,145.1776,14.0,glam_metal_bands_and_a,44,current,"Cardiff, Wales", Wales
44,Killer Dwarfs,Killer Dwarfs,spotify:artist:2YRnsMgPPHXqoycoWduoHu,26.0,12037.0,Killer Dwarfs,3.0,10.666666666666666,32.0,1990,2018-04-13,28.0,Killer Dwarfs,234395.8,13.0,37.0,0.4417000000000001,0.00065164,0.8527999999999999,0.1187771,0.14503,-7.0657,0.037610000000000005,124.9515,24.0,glam_metal_bands_and_a,45,current,"Oshawa, Ontario, Canada", Canada
45,Van Halen,Van Halen,spotify:artist:2cnMpRsOVqtPMfq7YiFE6K,74.0,4349708.0,Van Halen,20.0,12.8,256.0,1978-02-10,2017-07-14,39.0,Van Halen,209879.9,53.0,78.0,0.5007,0.1004472,0.8614,0.081428086,0.16355999999999998,-6.7809,0.07136999999999999,120.16530000000004,25.0,glam_metal_bands_and_a,46,past,"Pasadena, California, U.S.", U.S.
46,Whitesnake,Whitesnake,spotify:artist:3UbyYnvNIT5DFXU4WgiGpP,67.0,2188302.0,Whitesnake,20.0,33.85,677.0,1989-11-18,2021-10-29,32.0,Whitesnake,281798.7,36.0,65.0,0.3726,0.0917656,0.8117999999999999,0.000392883,0.22480000000000006,-7.1114000000000015,0.0539,122.11419999999998,29.0,glam_metal_bands_and_a,47,current,"London, England", England
47,Vixen,Vixen,spotify:artist:4wlPkvHKZzP2K8wtBzFRyY,42.0,80304.0,Vixen,20.0,17.95,359.0,1988-01-01,2021-11-26,33.0,Vixen,251182.3,22.0,51.0,0.5635999999999999,0.064044,0.7037,0.0006233619999999999,0.10471,-11.58,0.03265,127.5615,29.0,glam_metal_bands_and_a,48,current,"Saint Paul, Minnesota, U.S.", U.S.
48,Vandenberg,Vandenberg,spotify:artist:5YCtylTmw5A39uy1jP36Wi,37.0,44.0,Vandenberg,2.0,1.0,2.0,2021-02-23,2021-11-19,0.0,Vandenberg,147625.0,31.0,52.0,0.6445000000000001,0.9355,0.10665,0.9055,0.12300000000000001,-19.376,0.0557,128.54149999999998,21.0,glam_metal_bands_and_a,49,current,"Amsterdam, NetherlandsLos Angeles, California, United States", U.S.
49,Aerosmith,Aerosmith,spotify:artist:7Ey4PD4MYsKc5I2dolUwbH,77.0,11217953.0,Aerosmith,20.0,13.65,273.0,1982-08-27,2020-05-01,38.0,Aerosmith,287410.5,63.0,79.0,0.4458,0.1225882,0.7596999999999999,0.004021808,0.20221000000000008,-6.365900000000001,0.03692,131.08649999999997,16.0,glam_metal_bands_and_a,50,current,"Boston, Massachusetts, U.S.", U.S.
50,Def Leppard,Def Leppard,spotify:artist:6H1RjVyNruCmrBEWRbD0VZ,70.0,3492375.0,Def Leppard,20.0,22.0,440.0,2011-06-20,2021-06-11,10.0,Def Leppard,277126.8,48.0,74.0,0.5277000000000001,0.027584,0.7571,0.07078500000000001,0.16987999999999998,-7.1887,0.04102,107.7013,26.0,glam_metal_bands_and_a,51,current,"Sheffield, South Yorkshire, England", England
51,Roxx Gang,Roxx Gang,spotify:artist:4yTyNz3SEGB6XlWrBxaovi,18.0,17282.0,Roxx Gang,16.0,12.625,202.0,1997,2014-07-01,17.0,Roxx Gang,259726.3,7.0,20.0,0.5119,0.021123,0.7238,0.0068327530000000004,0.1468,-11.1141,0.041110000000000015,117.4384,13.0,glam_metal_bands_and_a,52,past,"St. Petersburg, Florida, United States", U.S.
52,Kingdom Come,Kingdom Come,spotify:artist:2YFKPea38AMhGqGSqkFF1Q,43.0,91204.0,Kingdom Come,20.0,12.95,259.0,1971-03-08,2019-05-24,48.0,Kingdom Come,288490.6,27.0,49.0,0.409,0.05404508,0.7496,0.012055952,0.16532,-9.743,0.046130000000000004,120.27589999999998,22.0,glam_metal_bands_and_a,53,current,"Hamburg, West Germany", West Germany
53,Honeymoon Suite,Honeymoon Suite,spotify:artist:7kFyhQTV7cbd3iSYW2yt1Q,42.0,88249.0,Honeymoon Suite,20.0,12.2,244.0,1984-06-14,2021-11-19,37.0,Honeymoon Suite,254564.2,24.0,50.0,0.5917999999999999,0.088901,0.6592,6.605100000000001e-05,0.11142,-11.5245,0.034219999999999993,123.12130000000002,26.0,glam_metal_bands_and_a,54,current,"Niagara Falls, Ontario, Canada", Canada
54,House of Lords,House Of Lords,spotify:artist:0iu8uY2sqeWpiwxcdwOonn,30.0,37575.0,House Of Lords,20.0,8.75,175.0,2004-08-03,2020-06-24,16.0,House Of Lords,262072.4,7.0,38.0,0.4488,0.03833741,0.8851000000000001,0.002435347,0.11266,-5.5739,0.08809,139.84300000000002,31.0,glam_metal_bands_and_a,55,current,"Los Angeles, California, U.S.", U.S.
55,Orgy,Orgy,spotify:artist:4uYwLU7k03RCQSRXGtQGg0,51.0,244739.0,Orgy,20.0,9.25,185.0,1998,2021-11-26,23.0,Orgy,227172.6,32.0,63.0,0.5111,0.002218,0.8827,0.016320122,0.25231,-5.3561999999999985,0.0665,115.6092,31.0,glam_metal_bands_and_a,56,current,"Los Angeles, California, U.S.", U.S.
56,Enuff Z'Nuff,Enuff Z'Nuff,spotify:artist:2Y36dqR145FjTKUjibEcjO,33.0,67275.0,Enuff Z'Nuff,20.0,16.2,324.0,1994-07-01,2021-12-01,27.0,Enuff Z'Nuff,246869.8,15.0,39.0,0.33630000000000004,0.025644,0.8253,0.0011031689999999998,0.21575999999999998,-7.1584,0.04707,125.95060000000004,24.0,glam_metal_bands_and_a,57,current,"Blue Island, Illinois, U.S.", U.S.
57,Ugly Kid Joe,Ugly Kid Joe,spotify:artist:3XsgWn63EnA4wYZBjVyxjf,56.0,162386.0,Ugly Kid Joe,20.0,28.75,575.0,1991-01-01,2021-11-26,30.0,Ugly Kid Joe,276362.4,30.0,68.0,0.4888,0.0955271,0.7298,0.013748561999999999,0.13112000000000001,-9.170199999999998,0.057860000000000016,114.0219,38.0,glam_metal_bands_and_a,58,current,"Isla Vista, California, United States", U.S.
58,Love/Hate,Love/Hate,spotify:artist:2KhbcJUHaPopOLQRzC0B5E,27.0,23984.0,Love/Hate,20.0,28.85,577.0,1990,2021-11-23,31.0,Love/Hate,217701.0,16.0,36.0,0.4452,0.005695509999999999,0.8472000000000002,0.012707291,0.19745,-7.104000000000001,0.06888,110.5372,20.0,glam_metal_bands_and_a,59,current,"Los Angeles, California, United States", U.S.
59,Santa Cruz,Santa Cruz,spotify:artist:1ZP10xzJoQljzTHiaU2Gri,38.0,30724.0,Santa Cruz,20.0,5.0,100.0,2013-01-01,2021-04-09,8.0,Santa Cruz,233941.2,26.0,38.0,0.4883,0.00229157,0.9229999999999999,0.018155887,0.19222,-3.4681,0.08201,130.9844,12.0,glam_metal_bands_and_a,60,current,"Helsinki, Finland", Finland
60,Wrathchild,Wrathchild,spotify:artist:6x6yZxAa1JfPSIrUzGNuIY,11.0,5907.0,Wrathchild,17.0,9.117647058823527,155.0,1984,2017-12-15,33.0,Wrathchild,229515.7,3.0,14.0,0.4588,0.013674399999999998,0.7201000000000001,0.028035990000000004,0.25921,-13.044600000000004,0.04539,139.18320000000003,11.0,glam_metal_bands_and_a,61,past,"Evesham, Worcestershire, England", England
61,Britny Fox,Britny Fox,spotify:artist:4FffNBBwp4PayIiCBeJFPQ,33.0,102653.0,Britny Fox,20.0,20.65,413.0,1988,2021-09-17,33.0,Britny Fox,266427.7,18.0,39.0,0.4996999999999999,0.00339304,0.8236999999999999,0.002148502,0.15578999999999998,-8.596699999999998,0.049810000000000014,129.40820000000002,21.0,glam_metal_bands_and_a,62,current,"Philadelphia, Pennsylvania, U.S.", U.S.
62,L.A. Guns,L.A. Guns,spotify:artist:22TEmHXBBLjTec2LOAuMdS,48.0,318087.0,L.A. Guns,20.0,13.8,276.0,2011-09-23,2021-11-12,10.0,L.A. Guns,242890.3,24.0,53.0,0.4486,0.007325745,0.8240999999999999,0.038389177000000003,0.18891,-7.879599999999999,0.052289999999999996,121.4281,29.0,glam_metal_bands_and_a,63,current,"Los Angeles, California, U.S.", U.S.
63,Circus of Power,Circus Of Power,spotify:artist:2GB4YRUimBVvtU7Cm5W2vM,21.0,8141.0,Circus Of Power,12.0,8.916666666666666,107.0,1988,2021-10-27,33.0,Circus Of Power,239448.1,11.0,24.0,0.5487,0.0046627,0.8373999999999999,0.003786279,0.10192,-8.084700000000002,0.05008,114.6326,13.0,glam_metal_bands_and_a,64,current,"New York City, United States", U.S.
64,Faster Pussycat,Faster Pussycat,spotify:artist:1FwGBBwUviGVIeDIByO7u7,42.0,188496.0,Faster Pussycat,20.0,9.5,190.0,1987-07-01,2021-05-21,34.0,Faster Pussycat,282409.0,26.0,53.0,0.4912000000000001,0.042937,0.8530000000000001,0.010901646,0.20471,-9.5611,0.04615,141.3779,27.0,glam_metal_bands_and_a,65,current,"Los Angeles, California, United States", U.S.
65,TNT,TNT,spotify:artist:1CqOLQmjzVWXQTiIN5Wucs,53.0,25480.0,TNT,20.0,2.05,41.0,2011-01-01,2021-11-19,10.0,TNT,192647.8,45.0,55.0,0.4774000000000001,0.0105116,0.9814000000000002,0.39214467,0.2915,-3.125,0.15250999999999998,152.523,10.0,glam_metal_bands_and_a,66,current,"Trondheim, Norway", Norway
66,Cycle Sluts from Hell,Cycle Sluts From Hell,spotify:artist:2ZaeXyTyzSJGbGbgwFvXzk,16.0,2384.0,Cycle Sluts From Hell,1.0,11.0,11.0,1991-06-09,1991-06-09,0.0,Cycle Sluts From Hell,215955.7,6.0,29.0,0.4758,0.00121229,0.8865000000000001,0.03306076,0.13972,-9.7165,0.061210000000000014,129.4133,23.0,glam_metal_bands_and_a,67,current,"New York City, New York, U.S.", U.S.
67,Uriah Heep,Uriah Heep,spotify:artist:45O9BwPMyywM755SYUK0sP,55.0,595601.0,Uriah Heep,20.0,14.35,287.0,2012-03-23,2018-09-14,6.0,Uriah Heep,264691.7,28.0,58.0,0.4166,0.028756600000000007,0.5779,0.079751074,0.2047,-10.5333,0.04177,112.3393,30.0,glam_metal_bands_and_a,68,current,"London, England", England
68,Skid Row,Skid Row,spotify:artist:4opTS86dN9uO313J9CE8xg,63.0,2104719.0,Skid Row,20.0,19.8,396.0,1989-01-24,2021-11-26,32.0,Skid Row,252528.9,45.0,69.0,0.4136,0.00389748,0.7992,0.035501353,0.18172,-9.2083,0.0498,120.2102,24.0,glam_metal_bands_and_a,69,current,"Toms River, New Jersey, U.S.", U.S.
69,Hurricane,Hurricane,spotify:artist:6G6iuvTHT1XHUEOw5sbQYm,30.0,25109.0,Hurricane,3.0,10.666666666666666,32.0,1985,1990-01-01,5.0,Hurricane,264283.8,15.0,41.0,0.4677000000000001,0.04760094,0.9094,5.1718e-05,0.23508,-4.575999999999999,0.07493999999999999,118.7179,26.0,glam_metal_bands_and_a,70,current,United States,United States
70,Little Caesar,Little Caesar,spotify:artist:5IOstYUATS0EQ77A1DG7gy,29.0,14329.0,Little Caesar,13.0,9.846153846153848,128.0,1990-01-01,2018-03-16,28.0,Little Caesar,263120.1,13.0,40.0,0.4186000000000001,0.026759,0.8017000000000001,7.122899999999999e-05,0.30919,-7.7812,0.04637999999999999,144.7784,27.0,glam_metal_bands_and_a,71,current,"Los Angeles, California, United States", U.S.
71,Fastway,Fastway,spotify:artist:7eD005d7pGOEYD3eWVRecb,37.0,18178.0,Fastway,14.0,24.42857142857143,342.0,1983,2014-09-01,31.0,Fastway,235581.1,22.0,45.0,0.45799999999999996,0.0167946,0.6629999999999999,0.11316972100000006,0.24284,-11.6038,0.041280000000000004,125.5631,23.0,glam_metal_bands_and_a,72,past,England,England
72,Autograph,Autograph,spotify:artist:2koMWjvRRF0cOpJnjhdKx0,47.0,159400.0,Autograph,20.0,38.85,777.0,1984,2020-04-17,36.0,Autograph,258263.5,21.0,61.0,0.5526,0.021592400000000005,0.8326,0.001462635,0.2485,-10.9846,0.053780000000000015,135.2477,40.0,glam_metal_bands_and_a,73,current,"Pasadena, California, U.S.", U.S.
73,Madam X,Madam X,spotify:artist:5kSEc6SyT8xgvyQQniMWDO,15.0,4116.0,Madam X,3.0,10.0,30.0,1984,2014-06-04,30.0,Madam X,214294.5,7.0,25.0,0.5505,0.000128732,0.7932,0.193242,0.15153,-10.345999999999998,0.05458,134.18130000000002,18.0,glam_metal_bands_and_a,74,current,"Detroit, Michigan, U.S.", U.S.
74,Steeler,Steeler,spotify:artist:0Bok9cwEPeFS6vv7iVrkDj,17.0,11552.0,Steeler,14.0,17.571428571428573,246.0,1983-01-01,2020-07-21,37.0,Steeler,246903.5,9.0,22.0,0.3902000000000001,0.14554939,0.7553000000000002,0.007717723999999997,0.36408,-11.721800000000002,0.07026999999999997,124.12769999999998,13.0,glam_metal_bands_and_a,75,past,"Nashville, Tennessee, United States", U.S.
75,Treat,Treat,spotify:artist:6HY1gnFOOY9ZAgQtzvtZHI,34.0,21632.0,Treat,20.0,8.85,177.0,1985,2018-09-14,33.0,Treat,256878.4,18.0,39.0,0.4955,0.007263006999999998,0.8978999999999999,0.020433186,0.20584,-4.8988,0.06531999999999999,130.6817,21.0,glam_metal_bands_and_a,76,current,Sweden,Sweden
76,Alias,Alias,spotify:artist:07jJQhIBd8ZqVUdgiwPqdQ,39.0,5460.0,Alias,20.0,26.2,524.0,1990-01-01,2021-09-15,31.0,Alias,267275.2,13.0,54.0,0.5515,0.14312270000000002,0.6156999999999999,0.002451462,0.12242,-10.302600000000002,0.030470000000000007,117.5896,41.0,glam_metal_bands_and_a,77,current,"Toronto, Ontario, Canada", Canada
77,Femme Fatale,Femme Fatale,spotify:artist:0crQwwHC4mo96H2U4CEP1y,17.0,2972.0,Femme Fatale,4.0,14.25,57.0,1988-01-01,2020-04-12,32.0,Femme Fatale,237446.4,6.0,25.0,0.5291,0.0685875,0.6664,7.1185e-05,0.20836999999999997,-12.399500000000002,0.03534,122.7467,19.0,glam_metal_bands_and_a,78,past,"Albuquerque, New Mexico, U.S.", U.S.
78,Pretty Maids,Pretty Maids,spotify:artist:4OGo8f0tdKloP3IZwvnLqt,44.0,67118.0,Pretty Maids,20.0,22.5,450.0,1984-05-14,2020-05-22,36.0,Pretty Maids,266703.8,31.0,47.0,0.4852,0.007235931000000002,0.8676999999999999,0.101093061,0.17287999999999998,-8.026399999999999,0.055570000000000015,106.7503,16.0,glam_metal_bands_and_a,79,current,"Horsens, Denmark", Denmark
79,Crashdïet,Crashdïet,spotify:artist:1cB013ULmW96lglRcrWTut,38.0,43270.0,Crashdïet,20.0,5.4,108.0,2005-05-20,2021-11-19,16.0,Crashdïet,233825.7,25.0,41.0,0.4639,0.0005477500000000001,0.9316,0.0005834169999999999,0.24220000000000005,-4.021,0.06797,140.041,16.0,glam_metal_bands_and_a,80,current,"Stockholm, Sweden", Sweden
80,King Kobra,King Kobra,spotify:artist:60DhbkIV5C2aLGgtpfUw2C,36.0,30480.0,King Kobra,18.0,22.0,396.0,1985-01-01,2021-08-20,36.0,King Kobra,257868.9,15.0,49.0,0.513,0.082498,0.8722,3.3100000000000004e-07,0.34845000000000004,-5.0602,0.05769,122.83580000000002,34.0,glam_metal_bands_and_a,81,current,"Los Angeles, California, U.S.", U.S.
81,Cry Wolf,Cry Wolf,spotify:artist:7jqhTawW16Yt98eLuFoZsc,1.0,235.0,Cry Wolf,3.0,9.666666666666666,29.0,2009-06-13,2010-06-13,1.0,Cry Wolf,86302.9,0.0,1.0,0.4664,0.0011514039999999998,0.9439,8.543799999999999e-05,0.4013,-4.7877,0.14057000000000006,123.8496,1.0,glam_metal_bands_and_a,82,current,"San Francisco Bay Area, United States", U.S.
82,Black Veil Brides,Black Veil Brides,spotify:artist:6O7MpKrY91vlCd4Osi6XKs,65.0,1611086.0,Black Veil Brides,20.0,11.25,225.0,2010-07-20,2021-10-29,11.0,Black Veil Brides,221112.0,50.0,63.0,0.4005,0.001589502,0.9534000000000002,0.01184069,0.18278,-3.4072,0.14226,158.22070000000005,13.0,glam_metal_bands_and_a,83,current,"Cincinnati, Ohio, U.S.", U.S.
83,Warlock,Warlock,spotify:artist:5XDeFQDarnwpR5WAfD6S0d,42.0,138781.0,Warlock,20.0,12.9,258.0,1984-01-01,2021-11-04,37.0,Warlock,241175.5,26.0,53.0,0.4969,0.0247526,0.7372,0.13636445,0.19233,-13.526800000000005,0.04914,122.721,27.0,glam_metal_bands_and_a,84,past,"Düsseldorf, Germany", Germany
84,Keel,Keel,spotify:artist:2FgJrE4LGXGhaygQTw27Y2,29.0,34588.0,Keel,19.0,47.94736842105264,911.0,1984,2021-04-11,37.0,Keel,222218.3,14.0,38.0,0.4645999999999999,0.041736200000000015,0.8535,0.004356938,0.34146,-8.5397,0.07136,123.6615,24.0,glam_metal_bands_and_a,85,current,"Los Angeles, California, U.S.", U.S.
85,Child's Play,Child's Play,spotify:artist:3q5dT9fhycfs56ExOrH9fa,0.0,71.0,Child's Play,2.0,20.5,41.0,2020-07-31,2020-11-29,0.0,Child's Play,197314.0,0.0,0.0,0.7190000000000001,0.0225,0.698,0.0567,0.139,-8.712,0.031,124.99799999999999,0.0,glam_metal_bands_and_a,86,past,"Baltimore, Maryland, U.S.", U.S.
86,Extreme,Extreme,spotify:artist:6w7j5wQ5AI5OQYlcM15s2L,63.0,408866.0,Extreme,20.0,10.95,219.0,1989-01-01,2021-11-26,32.0,Extreme,301439.9,32.0,74.0,0.5584,0.230952,0.6180999999999999,0.037756107000000004,0.17958,-9.9882,0.04369,114.3367,42.0,glam_metal_bands_and_a,87,current,"Boston, Massachusetts, U.S.", U.S.
87,Hollywood Rose,Hollywood Rose,spotify:artist:2AZ141e2CZ7cuxtV5sYgON,26.0,39699.0,Hollywood Rose,20.0,60.55,1211.0,2004,2014-11-01,10.0,Hollywood Rose,244460.3,6.0,33.0,0.4064,0.004145701999999999,0.9252999999999998,0.44178,0.17068,-5.9088,0.09956,124.1421,27.0,glam_metal_bands_and_a,88,past,"Los Angeles, California, U.S.", U.S.
88,Pantera,Pantera,spotify:artist:14pVkFUHDL207LzLHtSA18,69.0,3516001.0,Pantera,20.0,12.6,252.0,1990-07-20,2020-10-30,30.0,Pantera,304435.7,47.0,73.0,0.3935000000000001,0.00067437,0.8318,0.13444841000000002,0.10676,-7.949100000000001,0.0715,121.8992,26.0,glam_metal_bands_and_a,89,past,"Arlington, Texas, U.S.", U.S.
89,Quiet Riot,Quiet Riot,spotify:artist:1dLWg6m8RRhizsdqJbhyj3,61.0,1302679.0,Quiet Riot,20.0,9.8,196.0,1983,2019-11-22,36.0,Quiet Riot,258574.3,36.0,71.0,0.4412,0.08042200000000002,0.8349,0.0020622300000000004,0.15477000000000002,-8.4269,0.06312000000000001,128.9133,35.0,glam_metal_bands_and_a,90,current,"Los Angeles, California, U.S.", U.S.
90,Blue Murder,Blue Murder,spotify:artist:7IzaAmbUsyOJsAIhZGUKR1,30.0,18836.0,Blue Murder,3.0,10.0,30.0,1989-01-01,1994-05-26,5.0,Blue Murder,331048.8,20.0,38.0,0.35710000000000003,0.0507899,0.8496,0.0017272239999999999,0.32911,-11.2824,0.08093,130.6,18.0,glam_metal_bands_and_a,91,past,0,nan
91,Junkyard,Junkyard,spotify:artist:102IW5khntjPJsSvbFI7eF,29.0,19010.0,Junkyard,20.0,21.9,438.0,1989-01-01,2021-09-10,32.0,Junkyard,235293.1,15.0,36.0,0.5398000000000001,0.006776399999999999,0.7437999999999999,0.012766776999999998,0.12371999999999997,-8.4989,0.05033,128.8875,21.0,glam_metal_bands_and_a,92,current,"Los Angeles, California, United States", U.S.
92,Danger Danger,Danger Danger,spotify:artist:1VaIDrxow5xfLmB9R26JVZ,42.0,130266.0,Danger Danger,20.0,23.4,468.0,1989-06-27,2019-08-28,30.0,Danger Danger,280906.2,30.0,45.0,0.5130000000000001,0.13583,0.8045,4.4767000000000014e-05,0.31222999999999995,-8.1822,0.04769,112.7318,15.0,glam_metal_bands_and_a,93,current,"Queens, New York, United States", U.S.
93,Saigon Kick,Saigon Kick,spotify:artist:1Qt3QdA0ZoOoeWfrJzA12d,39.0,38982.0,Saigon Kick,20.0,32.6,652.0,1988,2021-10-15,33.0,Saigon Kick,231195.7,17.0,52.0,0.5188999999999999,0.013625980000000005,0.6918,0.0188958,0.14927,-9.1874,0.03585,114.5194,35.0,glam_metal_bands_and_a,94,current,"Coral Springs, Florida, U.S.", U.S.
94,Helix,Helix,spotify:artist:7JF6mRd5N8LzsKugg4rcSG,40.0,68426.0,Helix,20.0,16.15,323.0,1983,2021-11-19,38.0,Helix,193354.4,16.0,47.0,0.4858999999999999,0.0340226,0.8690999999999999,0.014804489,0.32176,-5.436800000000002,0.07082999999999999,124.6963,31.0,glam_metal_bands_and_a,95,current,"Kitchener, Ontario, Canada", Canada
95,Vain,vain,spotify:artist:0kZJldvnKc7MI0ztoNx3p7,1.0,21.0,vain,8.0,1.625,13.0,2021-01-20,2021-10-22,0.0,vain,140796.0,0.0,2.0,0.5561,0.24427000000000004,0.6071,3.1416e-05,0.20786,-9.1582,0.17602,119.3291,2.0,glam_metal_bands_and_a,96,current,"San Francisco Bay Area, California, U.S.", U.S.
96,Diemonds,DIEMONDS,spotify:artist:34OxXFpd1WLKJgVloUNCgP,11.0,3229.0,DIEMONDS,11.0,8.909090909090908,98.0,2012-04-02,2018-08-10,6.0,DIEMONDS,195818.7,4.0,10.0,0.4193,0.00194469,0.9096,0.051083001,0.09653,-3.9254,0.09604,158.0251,6.0,glam_metal_bands_and_a,97,current,"Toronto, Ontario, Canada", Canada
97,Johnny Crash,Johnny Crash,spotify:artist:24lIEjDQpjeoG7gGJASftA,10.0,1480.0,Johnny Crash,7.0,13.142857142857142,92.0,2012-02-10,2016-01-29,4.0,Johnny Crash,219279.8,4.0,11.0,0.4623,0.11398579999999997,0.7967000000000001,0.145795859,0.1851,-4.640299999999999,0.04805,150.6915,7.0,glam_metal_bands_and_a,98,past,"Los Angeles, California, U.S.", U.S.
98,XYZ,XYZ,spotify:artist:28MsAYY24xZE2stpbRuAZD,35.0,10779.0,XYZ,11.0,1.0,11.0,2021-02-04,2021-07-29,0.0,XYZ,268981.16666666674,15.0,29.0,0.5888333333333334,0.15262499999999998,0.871,0.0002818333333333333,0.21608333333333327,-3.717666666666666,0.09098333333333332,137.99366666666668,14.0,glam_metal_bands_and_a,99,current,"Los Angeles, California, United States", U.S.
99,Dangerous Toys,Dangerous Toys,spotify:artist:2ASrZfFxWDnzsNwUQg3pzl,30.0,65164.0,Dangerous Toys,20.0,46.8,936.0,1989-05-09,2014-09-01,25.0,Dangerous Toys,221798.4,19.0,37.0,0.4221,0.029144,0.9414,0.2624000000000001,0.16609000000000002,-4.4246,0.12294,129.4386,18.0,glam_metal_bands_and_a,100,current,"Austin, Texas, United States", U.S.
100,Giant,GIANT,spotify:artist:3gKPME3EjakIpyBUZrWPTh,38.0,20596.0,GIANT,20.0,28.7,574.0,1989-01-01,2021-11-17,32.0,GIANT,298375.7,23.0,47.0,0.4992,0.0127464,0.7988,0.031141900000000007,0.13367,-9.295,0.04906,136.32369999999997,24.0,glam_metal_bands_and_a,101,current,"Nashville, Tennessee, United States", U.S.
101,Nitro,Nitro,spotify:artist:1TAoToVD5ZWFGxZE0Alzly,21.0,4810.0,Nitro,18.0,18.277777777777782,329.0,1989,2021-10-01,32.0,Nitro,263306.9,8.0,28.0,0.5938,0.0375733,0.7983,0.12473189999999999,0.38114000000000003,-11.8617,0.06437000000000001,116.7465,20.0,glam_metal_bands_and_a,102,past,"Hollywood, California, USA", USA
102,Brides of Destruction,Brides Of Destruction,spotify:artist:3B09s0m2NTABfaUO25FrvS,17.0,10982.0,Brides Of Destruction,3.0,10.333333333333334,31.0,2004-03-09,2005-09-13,1.0,Brides Of Destruction,244095.7,7.0,26.0,0.4305,0.041729987999999996,0.9323999999999998,0.09986847,0.35794000000000004,-3.9626,0.09021,130.5997,19.0,glam_metal_bands_and_a,103,past,"Los Angeles, California, U.S.", U.S.
103,Crazy Lixx,Crazy Lixx,spotify:artist:24k1UCsJJHHU9ohk7YIvzC,44.0,40609.0,Crazy Lixx,20.0,9.5,190.0,2010-03-19,2021-11-05,11.0,Crazy Lixx,224120.9,26.0,40.0,0.4348,0.03122092,0.8817999999999999,0.15109680000000006,0.23555,-6.9064,0.04541,133.7247,14.0,glam_metal_bands_and_a,104,current,"Malmö, Sweden", Sweden
104,Giuffria,Giuffria,spotify:artist:0tOyrwtpSvttpZ04mI2Fb4,29.0,8173.0,Giuffria,4.0,15.5,62.0,1984-01-01,2017-10-13,33.0,Giuffria,282047.8,13.0,42.0,0.4609,0.07316399999999999,0.8196999999999999,0.015680457,0.26655,-4.2874,0.04175,118.34470000000002,29.0,glam_metal_bands_and_a,105,current,"Washington, D.C., United States", U.S.
105,Bonham,Bonham,spotify:artist:0pRq0U6fqH5r5RzCTskGAR,26.0,4216.0,Bonham,5.0,33.4,167.0,1989-07-06,2014-09-01,25.0,Bonham,302093.0,9.0,40.0,0.4698000000000001,0.116063,0.7669999999999999,0.08407725899999999,0.36586,-11.3154,0.04395,103.7925,31.0,glam_metal_bands_and_a,106,past,United Kingdom,United Kingdom
106,W.A.S.P.,W.A.S.P.,spotify:artist:3BVkDHWRvLJEyKdvhLbjsq,58.0,696965.0,W.A.S.P.,20.0,10.95,219.0,2002-06-10,2020-02-04,18.0,W.A.S.P.,277217.9,34.0,62.0,0.29390000000000005,0.009913947,0.8212999999999999,0.218883322,0.22960999999999998,-6.747400000000002,0.06358,143.4038,28.0,glam_metal_bands_and_a,107,current,"Los Angeles, California, U.S.", U.S.
107,Gotthard,Gotthard,spotify:artist:4DwhNqibDIsxIamSxWb7tQ,49.0,96901.0,Gotthard,20.0,15.9,318.0,2011-09-30,2020-10-02,9.0,Gotthard,244846.4,34.0,49.0,0.5017,0.15294500000000005,0.7384999999999999,0.001942532,0.16866,-6.566700000000003,0.04187,115.0727,15.0,glam_metal_bands_and_a,108,current,"Lugano, Switzerland", Switzerland
108,The Darkness,The Darkness,spotify:artist:5r1bdqzhgRoHC3YcCV6N5a,60.0,338448.0,The Darkness,20.0,13.85,277.0,2012-08-20,2021-11-19,9.0,The Darkness,218357.0,27.0,69.0,0.3986,0.014251699999999999,0.8956,0.014075451000000001,0.31899,-4.2169,0.07586000000000001,131.0874,42.0,glam_metal_bands_and_a,109,current,"Lowestoft, Suffolk, England", England
109,The Poodles,The Poodles,spotify:artist:56qqwnRK5BjH8okTscHtY9,37.0,18497.0,The Poodles,20.0,8.55,171.0,2006,2018-01-26,12.0,The Poodles,218132.9,20.0,36.0,0.5092,0.01631133,0.8938,0.025636891,0.19367,-4.1266,0.053679999999999985,133.07260000000002,16.0,glam_metal_bands_and_a,110,past,Sweden,Sweden
110,Triumph,Triumph,spotify:artist:4YfnJEbTz8QLD5FusYFwV6,49.0,340805.0,Triumph,20.0,9.95,199.0,1976-10-13,2021-10-21,45.0,Triumph,300165.2,32.0,55.0,0.3002,0.08711312000000003,0.7523,0.042203755,0.18109,-6.5416,0.05002,124.0518,23.0,glam_metal_bands_and_a,111,current,"Mississauga, Ontario, Canada", Canada
111,Frehley's Comet,Frehley's Comet,spotify:artist:5EQBeHXKVF2u0riklyhpxe,15.0,9813.0,Frehley's Comet,20.0,33.8,676.0,1988,2021-04-30,33.0,Frehley's Comet,245066.3,6.0,17.0,0.4327,0.0059935000000000006,0.8134,0.10267772699999997,0.21827,-11.4806,0.050040000000000015,122.3254,11.0,glam_metal_bands_and_a,112,past,"New York City, New York, United States", U.S.
112,Nasty Idols,Nasty Idols,spotify:artist:53l5ghHZZQUZlwAM70cAJU,0.0,1837.0,Nasty Idols,1.0,13.0,13.0,2006,2006,0.0,Nasty Idols,252107.0,3.0,3.0,0.28800000000000003,0.00626,0.93,0.00202,0.8240000000000001,-5.395,0.063,93.287,0.0,glam_metal_bands_and_a,113,past,"Malmö, Sweden", Sweden
113,Satanicide,0,0,0.0,0.0,0,0.0,0.0,0.0,0,0,0.0,0,0.0,0.0,0.0,0.0,0.0,0.0,0.0,0.0,0.0,0.0,0.0,0.0,glam_metal_bands_and_a,114,current,"New York City, United States", U.S.
114,Bon Jovi,Bon Jovi,spotify:artist:58lV9VcRSjABbAbfWS6skp,79.0,10103858.0,Bon Jovi,20.0,14.15,283.0,2009-01-01,2020-10-05,11.0,Bon Jovi,295547.5,66.0,83.0,0.442,0.10393499999999999,0.7758,0.001484885,0.20291,-4.7206,0.03867,129.7724,17.0,glam_metal_bands_and_a,115,current,"Sayreville, New Jersey, U.S.", U.S.
115,Thunder,Thunder,spotify:artist:3SfrwwVPGtjYTI3vwQ4hEU,45.0,87162.0,Thunder,20.0,14.9,298.0,2016-01-29,2021-09-24,5.0,Thunder,296593.8,30.0,50.0,0.4795000000000001,0.04275164,0.8178999999999998,0.005778931000000001,0.20175,-7.584,0.042439999999999985,130.2362,20.0,glam_metal_bands_and_a,116,current,"London, England", England
116,Sleeze Beez,Sleeze Beez,spotify:artist:1vtAPJfmg4pz2Bjd3OcyCA,29.0,23211.0,Sleeze Beez,20.0,20.4,408.0,1987,2021-03-26,34.0,Sleeze Beez,236895.7,13.0,38.0,0.4400000000000001,0.027210700000000004,0.8462,0.036350740000000006,0.23075,-6.1669,0.04983,131.9437,25.0,glam_metal_bands_and_a,117,current,"Amsterdam, Netherlands", Netherlands
117,Blonz,Blondie,spotify:artist:4tpUmLEVLCGFr93o8hFFIB,71.0,1026257.0,Blondie,20.0,14.2,284.0,1979-10-01,2021-07-16,42.0,Blondie,268008.1,44.0,71.0,0.6514,0.0719106,0.7182999999999999,0.019423826,0.10494,-7.863899999999999,0.0406,124.7175,27.0,glam_metal_bands_and_a,118,past,"Atlanta, Georgia", Georgia
118,Slik Toxik,Slik Toxik,spotify:artist:7eXSeoAszMWefUZrCoMCqw,11.0,977.0,Slik Toxik,2.0,12.5,25.0,1992-03-24,2015-09-25,23.0,Slik Toxik,256759.7,5.0,16.0,0.5231,0.00877389,0.8611000000000002,0.061403045999999996,0.27157,-8.498099999999999,0.05269,127.67669999999998,11.0,glam_metal_bands_and_a,119,past,"Toronto, Ontario, Canada", Canada
119,Lynam,Lynam,spotify:artist:6gsQFPCuxexzm7YmOWc9Xu,7.0,1476.0,Lynam,9.0,8.777777777777779,79.0,2002-01-28,2015-10-30,13.0,Lynam,209313.0,2.0,9.0,0.5005000000000001,0.0010380970000000004,0.9075,0.031653184,0.15693,-4.173,0.046200000000000005,123.4933,7.0,glam_metal_bands_and_a,120,current,"Birmingham, Alabama, U.S.", U.S.
120,Winger,Winger,spotify:artist:2qQeKHrQJHLLbvDAOSO874,50.0,363903.0,Winger,20.0,16.75,335.0,1988,2021-11-05,33.0,Winger,245775.6,29.0,58.0,0.5558,0.015381499999999998,0.6465000000000001,0.002460459,0.22529000000000005,-11.0097,0.031439999999999996,119.9888,29.0,glam_metal_bands_and_a,121,current,"New York City, New York, U.S.", U.S.
121,Jackyl,Jackyl,spotify:artist:3jdirYL01245TvAH39GfM6,47.0,171302.0,Jackyl,20.0,8.0,160.0,1992-01-01,2020-05-28,28.0,Jackyl,245369.0,31.0,51.0,0.6411,0.022690000000000002,0.8305999999999999,0.034459500000000004,0.33899999999999997,-6.0726,0.056289999999999986,110.4899,20.0,glam_metal_bands_and_a,122,current,"Kennesaw, Georgia, U.S.", U.S.
122,Gorky Park,Gorky Park,spotify:artist:1qqNkaZGPRMuPsbyff8zQg,31.0,14396.0,Gorky Park,3.0,12.666666666666664,38.0,1989-01-01,2013-01-27,24.0,Gorky Park,293176.8,9.0,42.0,0.506,0.07658200000000001,0.6562,0.000378905,0.27195,-12.4996,0.03392,121.1419,33.0,glam_metal_bands_and_a,123,current,"Moscow, Russia", Russia
123,FireHouse,Firehouse,spotify:artist:28pS8WVbFstY0o1SrqCf8I,58.0,641958.0,Firehouse,20.0,29.5,590.0,1990-09-01,2021-11-29,31.0,Firehouse,253148.9,36.0,62.0,0.542,0.02804032,0.6848000000000001,0.01082208,0.11637000000000003,-9.0395,0.030139999999999997,125.2588,26.0,glam_metal_bands_and_a,124,current,"Charlotte, North Carolina, U.S.", U.S.
124,Harem Scarem,Harem Scarem,spotify:artist:6q72NwO3LCZ2WNKkDKy5va,43.0,37053.0,Harem Scarem,20.0,15.1,302.0,1991-08-20,2020-03-25,29.0,Harem Scarem,250105.2,5.0,54.0,0.5213,0.07532900000000001,0.7175,0.001912218,0.14407999999999999,-8.001100000000001,0.03578,114.0125,49.0,glam_metal_bands_and_a,125,current,"Toronto, Ontario, Canada", Canada
125,Poison,Poison,spotify:artist:1fBCIkoPOPCDLUxGuWNvyo,65.0,2506042.0,Poison,20.0,13.2,264.0,1986,2013-05-27,27.0,Poison,241719.7,51.0,71.0,0.4979,0.06934699999999999,0.8663000000000001,0.002487555,0.2194,-3.6779,0.05091000000000001,137.0241,20.0,glam_metal_bands_and_a,126,current,"Mechanicsburg, Pennsylvania, U.S.", U.S.
126,Hinder,Hinder,spotify:artist:6BMhCQJYHxxKAeqYS1p5rY,63.0,1457649.0,Hinder,20.0,9.15,183.0,2005,2019-07-26,14.0,Hinder,220710.2,43.0,73.0,0.4563999999999999,0.026836199999999998,0.8493999999999999,0.005028898,0.23126,-4.115399999999998,0.04535,118.85680000000002,30.0,glam_metal_bands_and_a,127,current,"Oklahoma City, Oklahoma, U.S.", U.S.
127,Spread Eagle,Spread Eagle,spotify:artist:7zHsOl9ubyE9f0sKiCOfet,18.0,9924.0,Spread Eagle,7.0,7.0,49.0,1990-01-01,2019-08-09,29.0,Spread Eagle,270027.7,8.0,26.0,0.3421,0.003585810999999999,0.9335,0.0990295,0.23388,-6.1314,0.10434,140.10299999999998,18.0,glam_metal_bands_and_a,128,current,"New York City, New York, United States", U.S.
128,War Babies,War Babies,spotify:artist:3FLbpQtpG1K8YoNuaFsyDw,9.0,3482.0,War Babies,6.0,14.5,87.0,1968-03-03,2020-07-10,52.0,War Babies,271041.0,4.0,14.0,0.4034,0.014215000000000004,0.9437,0.0016872579999999999,0.16319999999999998,-6.4861,0.08431,147.16789999999997,10.0,glam_metal_bands_and_a,129,current,"Seattle, Washington, U.S.", U.S.
129,H.E.A.T,H.E.A.T,spotify:artist:7M4PCSo5DDasGginrPHSDd,47.0,55183.0,H.E.A.T,20.0,12.15,243.0,2015-02-18,2020-02-21,5.0,H.E.A.T,236088.5,25.0,50.0,0.5073,0.00849811,0.9599,4.7783999999999995e-05,0.17121999999999998,-3.3164,0.06520000000000001,124.00549999999998,25.0,glam_metal_bands_and_a,130,current,"Upplands Väsby, Sweden", Sweden
130,It's Alive,It's Alive,spotify:artist:3j0G99UX0pssC96mLgAPXl,30.0,2996.0,It's Alive,2.0,11.5,23.0,1993-02-18,2010-01-01,17.0,It's Alive,221719.8,13.0,39.0,0.4023,0.00199533,0.8547,5.3042e-05,0.14435000000000006,-4.3328000000000015,0.06027,132.0135,26.0,glam_metal_bands_and_a,131,past,"Stockholm, Sweden", Sweden
131,Trixter,Trixter,spotify:artist:4M3TtMs03DHCYvzbgzBnyZ,33.0,78887.0,Trixter,8.0,11.75,94.0,1990-01-01,2021-11-16,31.0,Trixter,286904.9,17.0,40.0,0.5364,0.016478370000000003,0.7327999999999999,0.02602219100000001,0.22554000000000002,-10.115100000000002,0.055729999999999995,125.258,23.0,glam_metal_bands_and_a,132,current,"Paramus, New Jersey, United States", U.S.
132,D'Molls,D'Molls,spotify:artist:0cJaEcnemGEz7cINXxe7F6,10.0,7415.0,D'Molls,20.0,32.9,658.0,1987,2021-06-11,34.0,D'Molls,228877.1,3.0,12.0,0.4059,0.1314003,0.7684999999999998,0.10667942,0.16540000000000005,-9.6184,0.06191,123.5238,9.0,glam_metal_bands_and_a,133,past,"Chicago, Illinois, United States", U.S.
133,Falling in Reverse,Falling In Reverse,spotify:artist:2CmaKO2zEGJ1NWpS1yfVGz,72.0,1898120.0,Falling In Reverse,17.0,6.470588235294117,110.0,2011-07-26,2021-02-12,10.0,Falling In Reverse,236306.4,61.0,75.0,0.4693000000000001,0.0747482,0.8712,0.0,0.22423,-3.5864000000000003,0.12222000000000001,147.2004,14.0,glam_metal_bands_and_a,134,current,"Las Vegas, Nevada, U.S.", U.S.
134,BulletBoys,Bulletboys,spotify:artist:4E35ibCNOAXiBdd4OMnlrk,35.0,113734.0,Bulletboys,20.0,13.4,268.0,1988-09-16,2021-10-15,33.0,Bulletboys,247120.9,11.0,45.0,0.4638,0.01765753,0.8206000000000001,0.0032373599999999995,0.2528,-6.1563,0.043460000000000006,105.8509,34.0,glam_metal_bands_and_a,135,current,"Los Angeles, California, U.S.", U.S.
135,Lizzy Borden,Lizzy Borden,spotify:artist:0ZdLFpb5MhkSrsHef7A3Bb,30.0,34584.0,Lizzy Borden,19.0,9.631578947368421,183.0,1984-04-20,2020-11-13,36.0,Lizzy Borden,280354.9,16.0,36.0,0.425,0.0020767,0.9045,0.0014828659999999998,0.22498000000000004,-5.8982,0.08401,140.1028,20.0,glam_metal_bands_and_a,136,current,"Los Angeles, California, U.S.", U.S.
136,Hardcore Superstar,Hardcore Superstar,spotify:artist:57b3sKD9pGilMb2QlMqArq,48.0,98367.0,Hardcore Superstar,20.0,13.5,270.0,2001-02-13,2018-09-21,17.0,Hardcore Superstar,240988.3,23.0,43.0,0.4385,0.046067369,0.8187,0.007678315,0.23229,-6.5129,0.04886,119.91730000000004,20.0,glam_metal_bands_and_a,137,current,"Gothenburg, Sweden", Sweden
137,Badlands,Badlands,spotify:artist:7fjyk4yWOsLuEa4JGZ89qH,19.0,16552.0,Badlands,2.0,11.0,22.0,1999,2017-01-30,18.0,Badlands,258721.1,14.0,26.0,0.3808,0.0091005,0.8975000000000002,0.002069322,0.16266999999999998,-5.030500000000001,0.051829999999999994,106.97779999999996,12.0,glam_metal_bands_and_a,138,past,"Los Angeles, California, United States", U.S.
138,D.A.D.,D.A.D.,spotify:artist:0OhOahhNlT45ERdWGQR5Yw,1.0,61.0,D.A.D.,4.0,6.0,24.0,2016-06-19,2021-03-05,5.0,D.A.D.,187656.2,0.0,1.0,0.8618,0.3169,0.5248999999999999,0.005018473,0.24939,-9.906299999999998,0.32899999999999996,123.2687,1.0,glam_metal_bands_and_a,139,current,"Copenhagen, Denmark", Denmark
139,Electric Boys,Electric Boys,spotify:artist:0zRRk9Oe6owoIi3cY5yWk4,33.0,13774.0,Electric Boys,20.0,9.5,190.0,1989-06-13,2021-04-30,32.0,Electric Boys,234920.2,6.0,34.0,0.4287,0.009367214,0.8408999999999998,0.01202479,0.30679,-6.107000000000001,0.04492,132.2343,28.0,glam_metal_bands_and_a,140,current,"Stockholm, Sweden", Sweden
140,Bad Company,Bad Company,spotify:artist:5AEG63ajney2BoDXi0Vb84,62.0,804664.0,Bad Company,20.0,15.65,313.0,1975,2018-01-12,43.0,Bad Company,294976.7,45.0,69.0,0.521,0.31485,0.5624,0.04081705,0.22007,-10.0156,0.031270000000000006,119.80870000000002,24.0,glam_metal_bands_and_a,141,current,"Albury, Surrey, England", England
141,Steeler,Steeler,spotify:artist:0Bok9cwEPeFS6vv7iVrkDj,17.0,11552.0,Steeler,14.0,17.571428571428573,246.0,1983-01-01,2020-07-21,37.0,Steeler,246903.5,9.0,22.0,0.3902000000000001,0.14554939,0.7553000000000002,0.007717723999999997,0.36408,-11.721800000000002,0.07026999999999997,124.12769999999998,13.0,glam_metal_bands_and_a,142,past,"Nashville, Tennessee, United States", U.S.
142,Heaven's Edge,Heavens Edge,spotify:artist:2T03HaMa4RA484VbUGwnff,17.0,3105.0,Heavens Edge,2.0,15.5,31.0,1990,2011-06-23,21.0,Heavens Edge,287394.3,9.0,21.0,0.5448999999999999,0.0056104,0.9185,8.3419e-05,0.24358000000000002,-4.1911000000000005,0.06467,127.671,12.0,glam_metal_bands_and_a,143,past,"Philadelphia, Pennsylvania, United States", U.S.
143,Kik Tracee,Kik Tracee,spotify:artist:5TuLVnp9zGOanmPk2mZxgR,13.0,7476.0,Kik Tracee,2.0,10.0,20.0,1991-04-22,1992-04-22,1.0,Kik Tracee,277939.6,5.0,19.0,0.4355,0.036942199999999994,0.8461000000000001,8.0613e-05,0.34730000000000005,-10.025899999999998,0.06647,132.93970000000002,14.0,glam_metal_bands_and_a,144,past,"Los Angeles, California, U.S.", U.S.
144,Lion,Lion,spotify:artist:0sHhv7X5f5RsL0yoNKdbmd,33.0,8037.0,Lion,20.0,5.65,113.0,1985,2021-11-12,36.0,Lion,264927.7,11.0,34.0,0.4278000000000001,0.0016912300000000002,0.9297999999999998,5.84e-06,0.264,-4.1569,0.06771,115.8223,23.0,glam_metal_bands_and_a,145,past,Los Angeles,Los Angeles
145,Babylon A.D.,Babylon A.D.,spotify:artist:6sh4WKluS0LOsPdGPerKJ5,28.0,35661.0,Babylon A.D.,16.0,8.5,136.0,1989,2017-11-22,28.0,Babylon A.D.,269281.0,14.0,35.0,0.4871,0.0064570999999999995,0.7822999999999999,0.014459911999999997,0.2784,-10.3753,0.04328,115.42299999999999,21.0,glam_metal_bands_and_a,146,current,"San Francisco, California, United States", U.S.
146,Zebra,Zebra,spotify:artist:7zqcfb4TTNkL5lGflupEdf,3.0,6.0,Zebra,8.0,2.0,16.0,2009-09-01,2013-11-14,4.0,Zebra,214238.1,0.0,10.0,0.5866,0.23814,0.6663,0.2525709,0.1694,-6.738899999999999,0.04058,114.8625,10.0,glam_metal_bands_and_a,147,current,"New Orleans, Louisiana, United States", U.S.
147,Seventh Key,Seventh Key,spotify:artist:2ymf20K44faiwDIsPdjGWS,22.0,5683.0,Seventh Key,5.0,9.4,47.0,2001,2013-11-05,12.0,Seventh Key,313829.0,3.0,33.0,0.5035999999999999,0.013119999999999995,0.7308,3.9511e-05,0.1813,-9.5309,0.04093,136.0875,30.0,glam_metal_bands_and_a,148,current,"Jacksonville, Florida, U.S.", U.S.
148,Slaughter,Slaughter,spotify:artist:4ibNXJiMYOPibpS9DB9Qz3,47.0,446635.0,Slaughter,20.0,18.05,361.0,1989,2021-10-22,32.0,Slaughter,242426.5,33.0,54.0,0.4809,0.10927820000000002,0.8036,0.0009546110000000001,0.26357,-7.0595,0.04904,111.75310000000002,21.0,glam_metal_bands_and_a,149,current,"Las Vegas, Nevada, U.S.", U.S.
149,The Last Vegas,The Last Vegas,spotify:artist:7fXDfYeQzpPak5bAizQApC,27.0,9308.0,The Last Vegas,13.0,8.461538461538463,110.0,2004-01-01,2017-08-24,13.0,The Last Vegas,249218.9,8.0,37.0,0.3983,0.00098096,0.9256000000000002,0.020390569,0.2535,-3.6289999999999996,0.06921999999999999,125.115,29.0,glam_metal_bands_and_a,150,current,"Chicago, Illinois United States", Illinois United States
150,Brighton Rock,Brighton Rock,spotify:artist:48jKRfnRqZL2AD4hISo7Rk,14.0,2377.0,Brighton Rock,15.0,22.8,342.0,1985-01-01,2021-05-28,36.0,Brighton Rock,247095.8,5.0,15.0,0.4685,0.034646,0.6937,0.005025593,0.2576,-11.3615,0.03785,123.47670000000002,10.0,glam_metal_bands_and_a,151,current,"Niagara Falls, Ontario, Canada", Canada
151,Reckless Love,Reckless Love,spotify:artist:0Nkyv1Zj8Xh7Lux3KzIQCl,43.0,45385.0,Reckless Love,20.0,6.45,129.0,2010-01-01,2021-11-19,11.0,Reckless Love,218430.6,26.0,43.0,0.5008999999999999,0.004157159999999999,0.8352999999999999,1.494e-06,0.29416,-5.2327,0.05371,129.8521,17.0,glam_metal_bands_and_a,152,current,"Kuopio, Finland", Finland
152,Vinnie Vincent Invasion,Vinnie Vincent Invasion,spotify:artist:3ZUP9QmHAppM2vfpknkvIF,32.0,53664.0,Vinnie Vincent Invasion,4.0,29.5,118.0,1986,2020-08-14,34.0,Vinnie Vincent Invasion,267179.0,14.0,41.0,0.4149999999999999,0.005608900000000001,0.8741999999999999,0.008245785,0.31409999999999993,-6.6803,0.06576,123.3445,27.0,glam_metal_bands_and_a,153,past,"Los Angeles, California, U.S.", U.S.
153,Stage Dolls,Stage Dolls,spotify:artist:6H0YoV8pMik8ovVyM7aZ8m,39.0,15307.0,Stage Dolls,20.0,7.1,142.0,1985-01-01,2020-06-19,35.0,Stage Dolls,254024.7,8.0,37.0,0.5484,0.27816,0.4993,9.9574e-05,0.20013,-10.5649,0.02868,103.585,29.0,glam_metal_bands_and_a,154,current,"Trondheim, Norway", Norway
154,Contraband,Contraband,spotify:artist:69kcbfWIUhoHzbGl2l1xC0,1.0,16.0,Contraband,6.0,2.333333333333333,14.0,2019-11-24,2021-08-04,2.0,Contraband,156150.0,0.0,2.0,0.8,0.207,0.5569999999999999,0.0,0.18755,-9.725499999999998,0.3095,117.9375,2.0,glam_metal_bands_and_a,155,past,"Los Angeles, California, U.S.", U.S.
155,Beggars & Thieves,Beggars & Thieves,spotify:artist:2dK29Nsq8gvhmSUvjvmtBK,11.0,2737.0,Beggars & Thieves,11.0,20.63636363636364,227.0,1990-01-01,2020-06-08,30.0,Beggars & Thieves,297406.4,3.0,18.0,0.4459,0.062358300000000005,0.7464000000000001,0.00011543200000000003,0.20159000000000002,-9.1948,0.04427,113.60649999999998,15.0,glam_metal_bands_and_a,156,current,"New York City, New York", New York
156,Living Colour,Living Colour,spotify:artist:6Uhp7WA6sjm5ZL6Xz561de,54.0,284266.0,Living Colour,20.0,13.0,260.0,1988-06-15,2020-10-15,32.0,Living Colour,268469.4,31.0,67.0,0.5749,0.07409190000000003,0.8234,0.02539926,0.31821,-6.125800000000001,0.06234000000000001,123.8221,36.0,glam_metal_bands_and_a,157,current,"New York City, New York, U.S.", U.S.
157,Towers of London,Towers Of London,spotify:artist:4ysxmzXBF2iVsmomiNjGgB,14.0,2954.0,Towers Of London,7.0,9.428571428571429,66.0,2005-01-01,2015-11-27,10.0,Towers Of London,215926.4,5.0,19.0,0.4125,0.014269533000000003,0.8732,0.034670751000000014,0.2172,-4.2025,0.06035,129.0586,14.0,glam_metal_bands_and_a,158,current,"Buckinghamshire, England", England
158,The Datsuns,The Datsuns,spotify:artist:2P6KPAphDMASmfHjnxSMmR,38.0,23869.0,The Datsuns,20.0,8.9,178.0,2002-10-18,2021-05-28,19.0,The Datsuns,200654.4,18.0,48.0,0.31070000000000003,0.008682213000000001,0.9347,0.1025468,0.26939,-4.3761,0.09725,139.96179999999998,30.0,glam_metal_bands_and_a,159,current,"Cambridge, New Zealand", New Zealand
159,Shotgun Messiah,Shotgun Messiah,spotify:artist:08rXQbq2f7z8o6PRcsmtJJ,24.0,4051.0,Shotgun Messiah,1.0,13.0,13.0,1991-10-22,1991-10-22,0.0,Shotgun Messiah,274100.9,14.0,35.0,0.5417,0.0092564,0.8019999999999998,0.090572401,0.20391000000000006,-10.8989,0.038999999999999986,132.6838,21.0,glam_metal_bands_and_a,160,past,"Skövde, SwedenHollywood, Los Angeles, California", California
160,Bang Tango,Bang Tango,spotify:artist:3DhHdlyaEYhoTFs0YJeeuc,27.0,40934.0,Bang Tango,20.0,42.95,859.0,1989-01-01,2014-12-01,25.0,Bang Tango,268337.0,13.0,38.0,0.5643,0.1008052,0.7632999999999999,0.022717565,0.11762000000000003,-8.572000000000001,0.05691,130.2751,25.0,glam_metal_bands_and_a,161,current,"Los Angeles, California, United States", U.S.
161,Bad City,Bad City,spotify:artist:6AF5MVitfLHRDqtbmlc1iF,10.0,1581.0,Bad City,20.0,35.8,716.0,2010-08-23,2021-10-08,11.0,Bad City,246579.6,5.0,14.0,0.3909,0.007467100000000002,0.9173,0.002465334,0.29,-3.2322,0.08469,141.74589999999995,9.0,glam_metal_bands_and_a,162,current,"Chicago, Illinois United States", Illinois United States
162,Damn Yankees,Damn Yankees,spotify:artist:7ihLzUpuNecU5VBkvOUDNq,49.0,374444.0,Damn Yankees,20.0,31.8,636.0,1990,2021-10-29,31.0,Damn Yankees,285209.6,32.0,60.0,0.4056,0.06175489999999999,0.7205,0.0009386829999999998,0.26890000000000003,-8.8916,0.03898,109.7391,28.0,glam_metal_bands_and_a,163,past,"Los Angeles, California, U.S.", U.S.
163,Mr. Big,Mr. Big,spotify:artist:5OfhOoKunSnuubxxRML8J3,62.0,433671.0,Mr. Big,20.0,15.45,309.0,1997-11-10,2018-07-13,21.0,Mr. Big,239969.2,38.0,68.0,0.5384,0.22000476000000005,0.6367,1.8209e-05,0.19005,-8.7409,0.0497,117.6458,30.0,glam_metal_bands_and_a,164,current,"Los Angeles, California, United States", U.S.
164,Lillian Axe,Lillian Axe,spotify:artist:72iycfDchBBTdhODzAETUw,27.0,21599.0,Lillian Axe,18.0,17.444444444444443,314.0,1988-06-06,2021-10-15,33.0,Lillian Axe,276075.7,14.0,29.0,0.4557000000000001,0.07889637000000002,0.8384,0.000100717,0.3115,-6.564,0.05108,126.0249,15.0,glam_metal_bands_and_a,165,current,"New Orleans, Louisiana, US", US
165,Blackfoot,Blackfoot,spotify:artist:10rzK0sLCXsUlDhl8ed0MV,47.0,257183.0,Blackfoot,20.0,15.1,302.0,1976,2021-10-15,45.0,Blackfoot,274734.5,23.0,56.0,0.5212999999999999,0.18817,0.7903,0.035642529999999985,0.25792000000000004,-8.3284,0.055200000000000006,122.35070000000003,33.0,glam_metal_bands_and_a,166,current,"Jacksonville, Florida, U.S.", U.S.
166,Lord Tracy,Lord Tracy,spotify:artist:7fallP8rIWflbvUDg9KRpP,4.0,818.0,Lord Tracy,4.0,17.25,69.0,2004-01-01,2008-09-18,4.0,Lord Tracy,273862.4,0.0,7.0,0.3842,0.00632376,0.8009999999999999,0.00577544,0.583,-10.5976,0.06705,136.26479999999998,7.0,glam_metal_bands_and_a,167,current,"Memphis, Tennessee, U.S.", U.S.
167,Manic Street Preachers,Manic Street Preachers,spotify:artist:2uH0RyPcX7fnCcT90HFDQX,59.0,544800.0,Manic Street Preachers,20.0,18.95,379.0,2007-05-07,2021-09-10,14.0,Manic Street Preachers,275775.6,17.0,56.0,0.426,0.018507918999999998,0.8318,0.02156411,0.15423,-5.5369,0.04003,121.5046,39.0,glam_metal_bands_and_a,168,current,"Blackwood, Wales", Wales
168,T.S.O.L.,T.S.O.L.,spotify:artist:4oPMm2idleIKLdBWgZilSi,45.0,86824.0,T.S.O.L.,20.0,13.4,268.0,1981,2021-03-31,40.0,T.S.O.L.,168086.3,31.0,47.0,0.3904,0.01084867,0.8349,0.024382444,0.309,-5.641600000000001,0.08322,116.2997,16.0,glam_metal_bands_and_a,169,current,"Long Beach, California, U.S.", U.S.
169,Steel Panther,Steel Panther,spotify:artist:3l02WF362j1oHOurzuseBv,54.0,426612.0,Steel Panther,20.0,7.9,158.0,2009-01-01,2021-03-11,12.0,Steel Panther,227710.8,41.0,57.0,0.4738000000000001,0.00580206,0.9211,2.2283e-05,0.15335000000000004,-3.5708999999999995,0.08793999999999999,122.36570000000002,16.0,glam_metal_bands_and_a,170,current,"Los Angeles, California, U.S.", U.S.
170,Sea Hags,Sea Hags,spotify:artist:06kI99VfdoW8sXLj53BKTm,9.0,1934.0,Sea Hags,3.0,14.333333333333336,43.0,1989-01-01,2010-03-16,21.0,Sea Hags,222747.8,4.0,15.0,0.4084,0.0036065999999999993,0.8885,0.08379817,0.18433,-10.539000000000001,0.04356,126.675,11.0,glam_metal_bands_and_a,171,past,"San Francisco, California, United States", U.S.
171,Bad English,Bad English,spotify:artist:5fhMbh4PVSLSODF2fhWwqt,52.0,237749.0,Bad English,20.0,51.15,1023.0,1989-06-15,2020-06-19,31.0,Bad English,283531.6,27.0,65.0,0.498,0.141584,0.6565000000000001,2.9342e-05,0.12146,-9.731000000000002,0.04093,127.6822,38.0,glam_metal_bands_and_a,172,past,"Los Angeles, California, U.S.", U.S.
172,T-Ride,T-ride,spotify:artist:5Dg1pvwxAkw0KgcE0ZH6aV,8.0,835.0,T-ride,1.0,11.0,11.0,1992,1992,0.0,T-ride,181472.8,4.0,10.0,0.5962000000000001,0.05927417,0.8488999999999999,0.16476243,0.21568,-10.2991,0.05274000000000001,107.7473,6.0,glam_metal_bands_and_a,173,past,"San Francisco, California, United States", U.S.
173,Dirty Penny,Dirty Penny,spotify:artist:24XnGHSZrrlu9XSUsLDOHV,14.0,6152.0,Dirty Penny,3.0,12.666666666666664,38.0,2007-01-01,2009-09-17,2.0,Dirty Penny,214530.4,6.0,21.0,0.4847,0.008217400000000001,0.9297,0.0067209680000000025,0.15911000000000006,-4.2797,0.11465999999999997,131.38000000000002,15.0,glam_metal_bands_and_a,174,past,"Santa Cruz, California, United States", U.S.
174,Alice N' Chains,0,0,0.0,0.0,0,0.0,0.0,0.0,0,0,0.0,0,0.0,0.0,0.0,0.0,0.0,0.0,0.0,0.0,0.0,0.0,0.0,0.0,glam_metal_bands_and_a,175,past,"Seattle, Washington, U.S.", U.S.
175,Ezo,EXO,spotify:artist:3cjEqqelV9zb4BYE3qDQ4O,74.0,8573064.0,EXO,20.0,16.2,324.0,2013-08-05,2021-06-07,8.0,EXO,200048.3,62.0,75.0,0.696,0.09197000000000001,0.7966,4.81e-06,0.2048,-3.8110000000000004,0.06889999999999999,124.0932,13.0,glam_metal_bands_and_a,176,past,"Sapporo, Japan", Japan
176,Pretty Boy Floyd,Pretty Boy Floyd,spotify:artist:6wnbsasRwmhUld5BBDfbKa,26.0,50239.0,Pretty Boy Floyd,20.0,21.7,434.0,1989-01-01,2020-09-18,31.0,Pretty Boy Floyd,225495.8,8.0,28.0,0.4171,0.0022819000000000003,0.7967,0.000119926,0.15497999999999998,-10.0329,0.04735,143.7714,20.0,glam_metal_bands_and_a,177,current,"Hollywood, California, United States", U.S.
177,SouthGang,999_SouthGang,spotify:artist:38JS61Jv6FM5efA6Os1HA2,15.0,17.0,999_SouthGang,1.0,1.0,1.0,2021-11-05,2021-11-05,0.0,999_SouthGang,150004.0,30.0,30.0,0.7240000000000001,0.1,0.48200000000000004,0.000183,0.10099999999999999,-9.097999999999999,0.0441,144.02100000000002,0.0,glam_metal_bands_and_a,178,past,"Rome, Georgia", Georgia
178,We Are Harlot,We Are Harlot,spotify:artist:2Gf3bDVBECfT7UCU3XcvlD,30.0,38003.0,We Are Harlot,20.0,47.5,950.0,2014-06-03,2021-09-17,7.0,We Are Harlot,206201.1,20.0,34.0,0.3986000000000001,0.00845599,0.9194,0.000144483,0.20266,-1.7001000000000002,0.09688,141.8271,14.0,glam_metal_bands_and_a,179,current,"Los Angeles, California, U.S.", U.S.
179,Tora Tora,Tora Tora,spotify:artist:7MxRSOIsrKKrMc7pAzKlqs,26.0,29467.0,Tora Tora,13.0,7.3076923076923075,95.0,1989-01-01,2021-09-03,32.0,Tora Tora,260214.9,15.0,27.0,0.469,0.011233021000000001,0.7558,0.060020237000000004,0.20144,-10.3052,0.04431,128.3714,12.0,glam_metal_bands_and_a,180,current,"Memphis, Tennessee, United States", U.S.
180,Diamond Nights,Diamond Nights,spotify:artist:7ftWZH8oilFDZlXiClxSaQ,15.0,1467.0,Diamond Nights,5.0,9.4,47.0,2005,2017-08-22,12.0,Diamond Nights,193158.2,2.0,18.0,0.6015,0.193448,0.7131000000000001,0.034004469,0.17985,-6.8379,0.08682999999999999,140.80809999999997,16.0,glam_metal_bands_and_a,181,current,"New York City, New York", New York
181,White Tiger,White Tiger,spotify:artist:0R17p2qdUxLaOuNeNCRHPe,0.0,129.0,White Tiger,5.0,13.6,68.0,2014-05-14,2018-07-11,4.0,White Tiger,455850.0,0.0,0.0,0.8225,0.009124575,0.7759999999999999,0.73475,0.06755000000000001,-9.539,0.06367500000000001,122.75275,0.0,glam_metal_bands_and_a,182,current,California  United States,California  United States
182,Bad4Good,BadMoodRude,spotify:artist:2bmw2ynfQ7vvZlGMGILTf8,42.0,4568.0,BadMoodRude,20.0,1.2,24.0,2019-03-04,2021-11-18,2.0,BadMoodRude,140946.1,34.0,43.0,0.6429,0.35641,0.4683,0.0529198,0.13091,-10.6749,0.04978,115.1061,9.0,glam_metal_bands_and_a,183,past,United States,United States
183,Lynch Mob,Lynch Mob,spotify:artist:2K3xysAFpeFSH3DG0zIErf,38.0,102461.0,Lynch Mob,20.0,12.35,247.0,1990-10-09,2021-11-05,31.0,Lynch Mob,277721.0,24.0,46.0,0.5105,0.0007885500000000001,0.8757999999999999,0.00063707,0.16851000000000002,-5.5044,0.044160000000000005,104.37810000000002,22.0,glam_metal_bands_and_a,184,current,"California, United States", U.S.
184,Twisted Sister,Twisted Sister,spotify:artist:7b85ve82Sh36a3UAx74wut,64.0,1882668.0,Twisted Sister,20.0,15.6,312.0,1982,2021-03-14,39.0,Twisted Sister,227057.0,40.0,74.0,0.4427,0.0072876300000000015,0.8656999999999998,0.006783633000000001,0.2319,-6.5078999999999985,0.07522000000000001,130.7982,34.0,glam_metal_bands_and_a,185,past,"Ho-Ho-Kus, New Jersey, U.S.", U.S.
185,Sleze,Sleep Fruits Music,spotify:artist:4XbcXL8SaLFZ30wfRM5tbB,90.0,48107.0,Sleep Fruits Music,20.0,174.35,3487.0,2021-07-30,2021-11-26,0.0,Sleep Fruits Music,31000.0,61.0,65.0,0.1873,0.452398,0.8963110000000001,0.6984999999999999,0.6133200000000001,-26.0777,0.08453000000000002,111.3074,4.0,glam_metal_bands_and_a,186,past,"Seattle, Washington, U.S.", U.S.
186,Nelson,Nelson,spotify:artist:5jJcbGPjjyEhAoU02ynHaA,41.0,62761.0,Nelson,20.0,10.5,210.0,1990-06-26,2020-04-18,30.0,Nelson,244865.3,19.0,51.0,0.4664,0.13987500000000005,0.7402,1.7542000000000002e-05,0.17683,-6.916999999999999,0.04216,129.51209999999998,32.0,glam_metal_bands_and_a,187,current,"Santa Monica, California, U.S.", U.S.
187,Rock City Angels,Rock City Angels,spotify:artist:0tkfKWYVXg2OSzfbzspDz5,6.0,5373.0,Rock City Angels,9.0,36.555555555555564,329.0,1999,2018-10-01,19.0,Rock City Angels,225740.1,1.0,7.0,0.3929,0.017005272,0.8405999999999999,0.039063649,0.13272,-9.0698,0.05285,152.5995,6.0,glam_metal_bands_and_a,188,past,"Florida, United States", U.S.
188,Candy Harlots,0,0,0.0,0.0,0,0.0,0.0,0.0,0,0,0.0,0,0.0,0.0,0.0,0.0,0.0,0.0,0.0,0.0,0.0,0.0,0.0,0.0,glam_metal_bands_and_a,189,past,"Sydney, New South Wales, Australia", Australia
